X,X,X,X,X,X,X,X,X,X,X,X
X,X,X,X,X,X,X,X,X,X,X,X
X,PI_656004,PI_656011,PI_533979,PI_576393,PI_564163,PI_534138,PI_534079,PI_656021,PI_656028,PI_576345,X
X,PI_655977,PI_656104,PI_656089,PI_533750,Check_9,PI_656018,PI_17548,PI_655982,PI_656008,PI_641874,X
X,PI_656101,PI_597951,PI_656027,PI_656031,PI_533824,PI_533869,PI_533766,PI_576401,PI_576348,PI_534097,X
X,PI_533903,PI_576394,PI_534101,PI_656060,PI_656009,PI_597952,PI_533913,Check_16,PI_656062,PI_533814,X
X,PI_576385,Check_4,PI_533943,PI_642992,PI_534114,PI_656078,PI_656059,PI_655999,PI_152651,PI_533759,X
X,PI_656023,PI_655974,PI_597949,PI_656001,PI_576435,PI_655980,PI_656081,PI_598070,PI_576359,PI_656039,X
X,PI_35038,PI_561472,PI_595740,PI_655986,PI_534070,PI_540816,PI_656064,PI_533954,PI_534096,Check_21,X
X,PI_534115,PI_656026,Check_5,PI_585295,PI_656083,PI_642793,PI_533878,PI_533788,PI_656019,PI_656057,X
X,PI_656042,PI_533821,PI_533792,PI_533939,PI_533956,PI_576349,PI_576340,PI_533901,PI_597976,PI_534135,X
X,PI_533794,PI_534148,PI_595745,PI_655997,PI_533991,PI_533831,PI_656065,PI_656017,PI_533863,PI_533762,X
X,PI_533882,PI_656037,PI_656110,PI_656024,PI_533997,Check_12,PI_656000,PI_34911,PI_656112,PI_641836,X
X,PI_533769,PI_656005,PI_655994,PI_534063,PI_656035,PI_656103,PI_534163,PI_656029,PI_48770,PI_656015,X
X,PI_533972,PI_655991,PI_656063,PI_656095,PI_576366,PI_576418,PI_607931,PI_533755,PI_656003,PI_597958,X
X,PI_597968,PI_533876,PI_655996,PI_533852,PI_576425,PI_656030,PI_595741,PI_534128,PI_542406,PI_656074,X
X,Check_1,PI_653616,PI_598069,PI_597945,PI_655979,PI_656032,PI_566819,PI_659696,PI_655988,Check_20,X
X,PI_656075,PI_534167,Check_6,PI_656107,PI_656099,PI_597957,PI_595699,PI_656106,PI_656054,PI_656025,X
X,PI_533921,PI_576422,PI_597950,PI_655978,PI_534117,PI_533761,PI_655972,PI_533800,PI_329440,PI_656071,X
X,PI_576364,PI_656038,PI_656114,PI_655976,PI_576396,PI_552856,PI_655995,PI_642998,PI_659691,PI_656113,X
X,PI_656007,PI_656067,PI_542718,PI_534123,PI_656092,PI_534132,PI_656091,PI_533758,PI_656115,PI_329435,X
X,PI_576130,PI_597961,PI_533752,PI_655973,PI_656051,PI_656061,Check_13,PI_655975,PI_534021,PI_533866,X
X,PI_656044,Check_3,PI_576375,PI_656121,PI_597972,PI_534157,PI_656086,PI_629059,PI_534127,PI_656048,X
X,PI_534155,PI_595714,PI_533957,PI_533965,PI_641849,PI_534009,PI_576339,PI_533810,PI_534133,PI_585291,X
X,PI_533986,PI_534104,PI_533962,PI_656076,PI_564164,Check_11,PI_533938,PI_656073,PI_656120,PI_656022,X
X,PI_656100,PI_533949,PI_655998,PI_656016,PI_642791,PI_561072,PI_533937,PI_629040,PI_656116,PI_597965,X
X,PI_656053,PI_656096,Check_7,PI_656070,PI_533877,PI_576332,PI_655992,PI_534116,PI_595702,PI_656108,X
X,PI_533936,PI_656012,PI_576390,PI_533910,PI_655987,PI_552861,PI_655985,PI_533970,PI_576337,PI_656090,X
X,PI_597982,PI_659694,PI_597980,PI_533871,PI_576437,PI_576399,PI_656040,PI_533856,Check_17,PI_656105,X
X,PI_576426,PI_533980,PI_656094,PI_659693,PI_576373,PI_601816,Check_14,PI_629034,PI_534139,PI_651492,X
X,PI_533924,PI_576352,PI_597973,PI_656055,PI_597964,PI_656047,PI_533998,PI_533976,PI_576347,PI_534075,X
X,PI_533754,PI_533855,PI_533915,PI_656043,PI_533985,PI_659695,PI_534144,PI_533757,PI_533841,PI_576376,X
X,PI_533760,PI_655970,Check_8,PI_533989,PI_276837,PI_533919,PI_576380,PI_655990,PI_656082,Check_19,X
X,PI_534099,PI_656072,PI_576434,PI_656077,PI_656097,PI_576428,PI_533967,PI_534137,PI_655983,PI_656088,X
X,PI_533789,PI_641824,PI_656079,PI_597967,PI_534145,PI_534112,PI_597960,PI_595739,PI_561073,PI_655989,X
X,PI_533799,PI_609456,PI_656050,PI_534047,Check_10,PI_656056,PI_533996,PI_656002,PI_656052,PI_533807,X
X,PI_533838,PI_656117,PI_656036,PI_595743,PI_533833,PI_576333,PI_656080,PI_656014,PI_533940,PI_533964,X
X,PI_533955,PI_534037,PI_656033,PI_656119,PI_534028,PI_656111,PI_548797,PI_656010,PI_533902,PI_651496,X
X,Check_2,PI_565121,PI_574455,PI_533776,PI_597946,PI_533912,PI_656046,PI_533842,PI_533948,PI_656068,X
X,PI_656013,PI_534054,PI_24969,PI_533822,PI_533987,PI_597966,PI_656058,PI_576381,PI_534105,PI_595720,X
X,PI_534092,PI_656085,PI_656049,PI_595744,PI_656087,PI_534124,PI_655993,PI_656006,Check_18,PI_656098,X
X,PI_655984,PI_655981,PI_656034,PI_564165,PI_656020,PI_576387,PI_656109,PI_534108,PI_576386,PI_533785,X
X,PI_659692,PI_533843,PI_656093,PI_659753,PI_534046,PI_656041,PI_533961,PI_534053,PI_533845,PI_656066,X
X,PI_533839,PI_653617,PI_656102,PI_595718,PI_533830,PI_597971,PI_533911,Check_15,PI_576391,PI_656069,X
X,X,X,X,X,X,X,X,X,X,X,X
X,X,X,X,X,X,X,X,X,X,X,X