Plant Height RRA,,,,,,Flowering Time RRA,,,,,,Plant Height,,,,,,Stem diameter,,,,,,Beta Carotene,,,,,,Lutein,,,,,,Grain number per panicle,,,,,,Thousan grain weight,,,,,,Grain yield per primary panicle,,,,,,Zeaxanthin,,,,
Lipid,Correlation,P_value,Adj_P_value,Sig,,Lipid,Correlation,P_value,Adj_P_value,Sig,,Lipid,Correlation,P_value,Adj_P_value,Sig,,Lipid,Correlation,P_value,Adj_P_value,Sig,,Lipid,Correlation,P_value,Adj_P_value,Sig,,Lipid,Correlation,P_value,Adj_P_value,Sig,,Lipid,Correlation,P_value,Adj_P_value,Sig,,Lipid,Correlation,P_value,Adj_P_value,Sig,,Lipid,Correlation,P_value,Adj_P_value,Sig,,Lipid,Correlation,P_value,Adj_P_value,Sig
TG(10:0/10:0/10:0),0.68442591,6.36E-55,1.44E-52,***,,PA(16:0/18:2),0.235689865,2.68E-06,0.000605895,***,,TG(10:0/10:0/10:0),0.576415973,8.96E-25,2.03E-22,***,,gibberellic acid,0.154181323,0.020972162,0.578966721,,,TG(12:0/16:0/18:2),-0.175760756,0.001960287,0.261340767,,,TG(12:0/16:0/18:2),-0.142203109,0.012482035,0.988723152,,,SQDG(16:0/14:0),0.118417551,0.022353236,0.997352105,,,PC(22:0/0:0),-0.123363765,0.017291697,0.88280829,,,.beta.-Sitosterol,-0.127762285,0.01366273,0.980128404,,,DG(16:0/2:0),-0.122791298,0.031210754,0.977669883,
TG(10:0/12:0/16:0),0.66316972,1.65E-50,1.24E-48,***,,TG(10:0/10:0/10:0),0.203693587,5.30E-05,0.004803802,**,,TG(8:0/16:1/18:1),0.546972766,5.31E-22,3.23E-20,***,,TG(12:0/16:0/18:1),-0.148492412,0.02626088,0.578966721,,,Apocarotenal,-0.155371092,0.006289841,0.261340767,,,TG(12:0/18:1/18:1),-0.139391567,0.014352038,0.988723152,,,TG(16:0/18:1/22:0),-0.098541671,0.057586782,0.997352105,,,Phytosphingosine,-0.103261668,0.046562353,0.88280829,,,PC(22:0/0:0),-0.124553968,0.016234884,0.980128404,,,Apocarotenal,-0.119301015,0.036376792,0.977669883,
TG(12:0/12:0/14:0),0.66316897,1.65E-50,1.24E-48,***,,TG(12:0/12:0/16:1),0.201552268,6.38E-05,0.004803802,**,,TG(12:0/12:0/18:2),0.546963304,5.32E-22,3.23E-20,***,,MG(20:4),-0.143371678,0.031962535,0.578966721,,,TG(12:0/12:0/18:2),-0.154010336,0.006767869,0.261340767,,,TG(12:0/16:0/18:3),-0.120536742,0.034470424,0.988723152,,,PS(18:0/18:2),-0.095709442,0.065183203,0.997352105,,,TG(14:0/18:2/18:3),-0.102664187,0.047851788,0.88280829,,,.alpha.-Ionone,-0.116831356,0.024227611,0.980128404,,,PE(18:0/18:1),0.119064583,0.036751547,0.977669883,
TG(8:0/16:1/18:1),0.65430145,8.96E-49,4.06E-47,***,,TG(10:0/16:1/18:1),0.191446211,0.000148218,0.005697808,**,,TG(12:0/12:0/16:1),0.544855948,8.21E-22,3.23E-20,***,,PC(14:0/22:6),-0.13663357,0.041043072,0.578966721,,,TG(8:0/16:1/18:1),-0.154004221,0.006770088,0.261340767,,,TG(12:0/16:0/18:1),-0.120062066,0.035192419,0.988723152,,,SQDG(16:0/16:0),0.083918154,0.10610315,0.997352105,,,Lutein,-0.101741272,0.049902204,0.88280829,,,TG(16:0/18:1/22:0),-0.105884016,0.04124238,0.980128404,,,.alpha.-Amyrin,0.116289984,0.041399439,0.977669883,
TG(12:0/12:0/18:2),0.65429553,8.98E-49,4.06E-47,***,,TG(8:0/16:1/18:1),0.189382305,0.000175168,0.005697808,**,,TG(10:0/12:0/16:0),0.544166165,9.45E-22,3.23E-20,***,,TG(14:0/16:0/16:0),-0.136507919,0.041231154,0.578966721,,,TG(14:0/14:0/16:1),-0.151634447,0.007680876,0.261340767,,,TG(12:0/12:0/18:2),-0.115346684,0.043088443,0.988723152,,,SM(d18:1/17:0),0.083638216,0.10727794,0.997352105,,,Zeaxanthin,-0.10174127,0.049902208,0.88280829,,,PC(14:0/14:0),-0.098997167,0.056436371,0.980128404,,,.beta.-Amyrin,0.116196098,0.041565004,0.977669883,
TG(10:0/16:1/18:1),0.65267266,1.84E-48,6.93E-47,***,,TG(12:0/12:0/18:2),0.189370994,0.000175327,0.005697808,**,,TG(12:0/12:0/14:0),0.54416528,9.45E-22,3.23E-20,***,,gamma-sitosterol,-0.131614348,0.04914068,0.578966721,,,TG(12:0/14:0/18:1),-0.151631989,0.007681875,0.261340767,,,TG(8:0/16:1/18:1),-0.115338398,0.043103532,0.988723152,,,PE(18:3/18:3),0.080870667,0.119451746,0.997352105,,,PC(18:0/18:1),-0.097393238,0.060573703,0.88280829,,,SPHINGANINE,-0.09536191,0.066169598,0.980128404,,,Zeaxanthin,0.112960464,0.047621409,0.977669883,
TG(12:0/12:0/16:1),0.65198645,2.49E-48,8.03E-47,***,,MG(20:4),-0.189289526,0.000176481,0.005697808,**,,TG(10:0/16:1/18:1),0.543880278,1.00E-21,3.23E-20,***,,TG(14:0/14:0/18:0),-0.129043002,0.053779961,0.578966721,,,TG(12:0/18:1/18:1),-0.143740093,0.0115534,0.261340767,,,Apocarotenal,-0.113637452,0.046296563,0.988723152,,,SPB 18:0;2OH,-0.07333952,0.158049326,0.997352105,,,alpha-Tocopherol,-0.096246414,0.063682902,0.88280829,,,SPB 18:0;2OH,-0.095361749,0.066170057,0.980128404,,,Lutein,0.112960421,0.047621494,0.977669883,
TG(10:0/12:0/14:0),0.64178537,2.02E-46,5.70E-45,***,,TG(12:0/12:0/18:1),0.186742831,0.00021634,0.006111594,**,,TG(12:0/12:0/12:0),0.529202375,1.87E-20,5.27E-19,***,,TG(12:0/16:0/18:3),-0.124722494,0.062389879,0.578966721,,,TG(10:0/12:0/16:0),-0.142557461,0.012262293,0.261340767,,,TG(12:0/14:0/18:3),-0.111535973,0.050512855,0.988723152,,,.alpha.-Ionone,-0.072442513,0.163211657,0.997352105,,,AEG(o-18:3/16:1),-0.093069003,0.072988594,0.88280829,,,PS(18:0/18:2),-0.090680739,0.080689232,0.980128404,,,DG(12:0/12:0),0.107224071,0.060170057,0.977669883,
TG(12:0/12:0/12:0),0.63714252,1.41E-45,3.55E-44,***,,TG(12:0/14:0/18:1),0.176814356,0.000466638,0.010548433,*,,TG(10:0/12:0/14:0),0.525996562,3.47E-20,8.71E-19,***,,PC(18:1/20:1),-0.122750836,0.066679389,0.578966721,,,TG(12:0/12:0/14:0),-0.142557428,0.012262313,0.261340767,,,Cer(24:1),-0.10376532,0.068975304,0.988723152,,,SQDG(16:0/18:1),0.072129087,0.165044981,0.997352105,,,.beta.-Sitosterol,-0.091760647,0.07712949,0.88280829,,,Phytosphingosine,-0.087603032,0.091567828,0.980128404,,,DG(16:0/16:0),-0.103800621,0.068880384,0.977669883,
TG(12:0/14:0/18:1),0.63213258,1.11E-44,2.29E-43,***,,TG(14:0/14:0/16:1),0.176811318,0.000466745,0.010548433,*,,TG(12:0/14:0/18:1),0.524537278,4.59E-20,9.44E-19,***,,PC(18:0/18:3),-0.122365246,0.067545847,0.578966721,,,TG(10:0/10:0/10:0),-0.142075567,0.012561972,0.261340767,,,TG(14:0/18:3/18:3),-0.102723199,0.071825967,0.988723152,,,gibberellic acid,0.069403988,0.18164023,0.997352105,,,PC(18:1/16:0),-0.0902224,0.082239702,0.88280829,,,Ubiquinone 9,-0.087380388,0.092398269,0.980128404,,,MG(12:0),0.103704915,0.069137975,0.977669883,
TG(14:0/14:0/16:1),0.63212968,1.11E-44,2.29E-43,***,,TG(10:0/12:0/14:0),0.174252919,0.000565333,0.010792435,*,,TG(14:0/14:0/16:1),0.524533181,4.59E-20,9.44E-19,***,,DG(18:0/18:2),-0.120339685,0.072249791,0.578966721,,,TG(12:0/16:0/18:3),-0.141825321,0.012720126,0.261340767,,,TG(10:0/12:0/16:0),-0.10196009,0.073973739,0.988723152,,,PC(14:0/18:2),0.068931166,0.184640952,0.997352105,,,SM(d18:1/17:0),-0.089486032,0.084780991,0.88280829,,,SQDG(16:0/14:0),0.084496993,0.103706227,0.980128404,,,DG(16:0/18:0),-0.097769627,0.086716326,0.977669883,
TG(12:0/12:0/18:1),0.62269656,4.89E-43,8.50E-42,***,,TG(10:0/12:0/16:0),0.172990958,0.000620779,0.010792435,*,,TG(10:0/14:0/16:0),0.514043424,3.31E-19,6.23E-18,***,,TG(18:0/18:2/20:1),-0.120095421,0.072834623,0.578966721,,,TG(14:0/18:3/18:3),-0.137122206,0.016036429,0.295702855,,,TG(12:0/12:0/14:0),-0.101960087,0.073973747,0.988723152,,,Zeaxanthin,0.067816158,0.191861644,0.997352105,,,TG(12:0/14:0/18:3),0.087062721,0.093593556,0.88280829,,,gibberellic acid,0.084418995,0.104026691,0.980128404,,,DG(18:1/18:1),0.087843754,0.123961004,0.977669883,
PA(16:0/18:2),0.49541415,2.02E-25,2.08E-24,***,,TG(12:0/12:0/14:0),0.172990411,0.000620804,0.010792435,*,,TG(12:0/12:0/18:1),0.503812606,2.13E-18,3.43E-17,***,,TG(12:0/16:0/16:0),-0.120065679,0.072906097,0.578966721,,,TG(12:0/14:0/18:3),-0.134666865,0.018051265,0.295702855,,,TG(10:0/12:0/14:0),-0.100796076,0.077350204,0.988723152,,,Lutein,0.067816142,0.191861748,0.997352105,,,PC(18:0/18:3),-0.086521516,0.095658368,0.88280829,,,TG(14:0/18:2/18:3),-0.082408517,0.11256049,0.980128404,,,MG(18:1),0.087843734,0.12396109,0.977669883,
TG(18:1/20:1/22:1),0.34712581,1.99E-12,1.66E-11,***,,TG(12:0/12:0/12:0),0.16961343,0.000794927,0.012832399,*,,PA(16:0/18:2),0.415214635,2.00E-12,2.15E-11,***,,TG(14:0/14:0/16:0),-0.120064922,0.072907916,0.578966721,,,TG(10:0/12:0/14:0),-0.134360109,0.018317876,0.295702855,,,PA(16:0/18:2),-0.09692949,0.089471961,0.988723152,,,CL(18:1),-0.067444004,0.194317127,0.997352105,,,PS(18:0/20:4),-0.084774222,0.102573526,0.88280829,,,TG(18:1/20:1/22:1),0.079332417,0.126669795,0.980128404,,,PE(12:0/12:0),0.08603539,0.131920829,0.977669883,
MG(20:4),-0.3260139,4.65E-11,3.75E-10,***,,TG(12:0/14:0/18:3),0.166344151,0.001005543,0.015150186,*,,TG(16:0/18:1/20:2),0.235386797,0.000113006,0.000945905,***,,SQDG(16:0/18:3),-0.117802206,0.07851487,0.578966721,,,TG(12:0/16:0/18:1),-0.129596946,0.022919699,0.329457082,,,Zeaxanthin,0.096138403,0.092130434,0.988723152,,,MGDG(16:0/18:1),0.065305278,0.208874801,0.997352105,,,FA(22:1),-0.084363814,0.10425388,0.88280829,,,TG(16:0/16:0/18:2),-0.077702697,0.13468125,0.980128404,,,SPHINGANINE,0.084638524,0.138334751,0.977669883,
TG(16:0/18:1/20:2),0.30414244,9.53E-10,7.43E-09,***,,PC(14:0/14:0),-0.164460751,0.001149133,0.016231507,*,,MG(20:4),-0.229082265,0.000173664,0.001401719,**,,TG(14:0/18:1/18:3),-0.11778297,0.078563988,0.578966721,,,TG(10:0/16:0/16:0),-0.126782808,0.026083395,0.329457082,,,Lutein,0.096138369,0.09213055,0.988723152,,,DG(16:0/16:0),0.065285454,0.209013324,0.997352105,,,PC(16:0/20:3),-0.080797783,0.119786341,0.88280829,,,Cycloartenol acetate,-0.07394677,0.154625118,0.980128404,,,SPB 18:0;2OH,0.084637411,0.138339952,0.977669883,
TG(18:1/20:0/22:1),0.26394922,1.32E-07,9.93E-07,***,,TG(10:0/14:0/16:0),0.155399429,0.002141971,0.028475614,*,,PC(14:0/14:0),-0.219916428,0.000317679,0.002475705,**,,GalCer(d18:2/20:1),-0.116122219,0.082899279,0.578966721,,,TG(12:0/12:0/12:0),-0.126651349,0.026239945,0.329457082,,,TG(14:0/14:0/16:1),-0.095728088,0.093533975,0.988723152,,,PC(16:1/16:1),0.063584333,0.22114796,0.997352105,,,TG(16:0/18:1/18:2),-0.080701288,0.120230453,0.88280829,,,SQDG(16:0/16:0),0.072560248,0.162526956,0.980128404,,,PE(18:0/18:2),0.084133936,0.14070953,0.977669883,
PC(18:1/22:1),-0.2387744,1.96E-06,1.34E-05,***,,Apocarotenal,0.151763106,0.002725434,0.033175287,*,,TG(18:1/18:3/22:0),-0.201012173,0.001022911,0.007705931,**,,PS(18:0/20:4),-0.115397968,0.084849229,0.578966721,,,TG(10:0/14:0/16:0),-0.124871368,0.028440501,0.338292278,,,TG(12:0/14:0/18:1),-0.095725211,0.093543877,0.988723152,,,.beta.-Sitosterol,-0.06089509,0.24134288,0.997352105,,,PE(16:0/18:2),-0.077418246,0.136118707,0.88280829,,,TG(18:2/20:3/21:0),0.071531392,0.168583798,0.980128404,,,PC(18:1/14:0),0.083267845,0.144858227,0.977669883,
PC(14:0/14:0),-0.2286578,5.37E-06,3.37E-05,***,,TG(12:0/14:0/16:0),0.151410591,0.002789073,0.033175287,*,,PC(22:0/0:0),-0.194144219,0.001525888,0.011124213,*,,TG(10:0/16:0/16:0),-0.115052256,0.085792919,0.578966721,,,TG(10:0/16:1/18:1),-0.11778499,0.038837015,0.438858275,,,TG(10:0/14:0/16:0),-0.091502074,0.109003281,0.988723152,,,SQDG(16:1/18:3),0.060557939,0.243963132,0.997352105,,,LPC(16:0),-0.076998745,0.138260113,0.88280829,,,TG(12:0/12:0/16:1),0.070497977,0.174835742,0.980128404,,,PC(14:0/18:3),0.082097354,0.150612392,0.977669883,
TG(16:0/18:1/18:1),-0.1939833,0.00012041,0.000579,***,,gibberellic acid,0.148989615,0.00326393,0.03688241,*,,TG(18:1/20:1/22:1),0.18925767,0.002012099,0.01421045,*,,TG(16:0/18:1/22:1),-0.113707498,0.089544087,0.578966721,,,TG(12:0/12:0/16:1),-0.115653692,0.042532487,0.443096846,,,TG(12:0/12:0/12:0),-0.091437506,0.109254373,0.988723152,,,TG(18:1/18:1/20:3),0.059060054,0.255844601,0.997352105,,,PC(18:2/0:0),-0.076678722,0.139911035,0.88280829,,,TG(16:0/18:1/18:3),-0.070364913,0.175653115,0.980128404,,,TG(14:0/18:1/18:3),0.079898123,0.161890365,0.977669883,
Apocarotenal,0.19030522,0.00016259,0.00076374,***,,Cer(d18:2/20:1),-0.144550165,0.004329223,0.046590685,*,,PC(18:1/16:0),-0.185289606,0.002506717,0.016686629,*,,PC(14:0/14:0),-0.112702008,0.092433685,0.578966721,,,TG(12:0/18:2/18:3),-0.115322047,0.043133321,0.443096846,,,TG(10:0/16:1/18:1),-0.089505094,0.1169818,0.988723152,,,PC(22:0/0:0),-0.058945069,0.256772946,0.997352105,,,DG(16:0/18:3),-0.076533282,0.140666297,0.88280829,,,gamma-sitosterol,-0.070239985,0.176423092,0.980128404,,,DGDG(18:0/18:2),0.077916522,0.17258527,0.977669883,
TG(18:1/18:3/22:0),-0.1737694,0.00058601,0.00245256,**,,TG(16:0/18:1/18:1),-0.143788412,0.004540767,0.046646066,*,,PC(16:0/18:1),-0.181153218,0.003137831,0.019698607,*,,TG(16:0/16:0/18:2),-0.112448393,0.093174151,0.578966721,,,TG(12:0/18:1/18:2),-0.110052442,0.053678276,0.51102427,,,TG(12:0/18:1/18:2),-0.088991581,0.119105459,0.988723152,,,TG(18:2/20:3/21:0),0.058587429,0.25967529,0.997352105,,,PE(18:2/18:3),-0.076142978,0.142708566,0.88280829,,,TG(16:0/18:1/18:2),-0.069733651,0.179569478,0.980128404,,,TG(12:0/12:0/18:1),0.077822822,0.173103698,0.977669883,
gibberellic acid,0.16378983,0.00120469,0.00453765,**,,PC(14:0/18:3),0.142822197,0.004822493,0.047386231,*,,DG(16:0/18:0),-0.164799412,0.007289111,0.042239462,*,,AEG(o-16:2/16:0),-0.112287509,0.093646325,0.578966721,,,PC(16:1/16:1),-0.108067224,0.058170346,0.51102427,,,TG(12:0/18:2/18:3),-0.087554318,0.12520932,0.988723152,,,PC(18:1/24:1),0.053872967,0.300052874,0.997352105,,,PC(16:0/18:3),-0.076030876,0.14329931,0.88280829,,,Ubidecarenone,-0.069267677,0.182501591,0.980128404,,,TG(12:0/18:1/18:3),0.075403865,0.186891311,0.977669883,
PC(18:1/18:2),-0.1453058,0.00412821,0.01504801,*,,TG(10:0/16:0/16:0),0.139203922,0.006022815,0.056714844,,,TG(14:0/16:0/18:1),0.156211001,0.011031267,0.05935872,,,SQDG(18:3/18:3),-0.110304667,0.099623548,0.578966721,,,TG(12:0/12:0/18:1),-0.107206562,0.060212177,0.51102427,,,TG(10:0/16:0/16:0),-0.086654263,0.129153546,0.988723152,,,PC(16:0/16:0),0.053710519,0.301514725,0.997352105,,,Ubidecarenone,-0.075851817,0.144246769,0.88280829,,,PC(18:1/24:0),-0.068035349,0.190426095,0.980128404,,,PC(18:0/18:3),0.075393937,0.186949511,0.977669883,
gamma-sitosterol,-0.1408639,0.00544231,0.01892251,*,,.alpha.-Ionone,-0.134920645,0.00778552,0.070381105,,,TG(18:0/18:2/22:0),-0.144626583,0.018716624,0.090357189,,,DG(16:1/18:3),-0.109980418,0.100629131,0.578966721,,,TG(12:0/16:0/16:0),-0.105824718,0.063613884,0.51102427,,,TG(10:0/10:0/10:0),-0.08602247,0.131979081,0.988723152,,,SQDG(16:0/18:0),0.052282476,0.314568476,0.997352105,,,PE(16:0/20:5),-0.07557508,0.14572047,0.88280829,,,DG(16:0/18:3),-0.067854653,0.191608957,0.980128404,,,Cycloartenol acetate,0.07321408,0.200053996,0.977669883,
PE(18:1/18:2),0.1384772,0.006294,0.0209183,*,,TG(16:0/16:0/20:1),-0.13336059,0.008533924,0.073865028,,,TG(14:0/18:3/18:3),0.141484638,0.021475187,0.099905221,,,DG(18:2/18:3),-0.109697391,0.101513425,0.578966721,,,TG(14:0/14:0/16:0),-0.10582431,0.063614912,0.51102427,,,TG(12:0/12:0/18:1),-0.079549702,0.163733855,0.988723152,,,SQDG(16:0/18:2),0.049150598,0.344473316,0.997352105,,,DG(18:2/18:3),-0.075278902,0.147310392,0.88280829,,,TG(16:1/18:1/18:1),-0.06676964,0.198824981,0.980128404,,,TG(12:0/16:0/18:2),-0.070861737,0.214930523,0.977669883,
MG(18:0),0.13167542,0.00941373,0.02996482,*,,DG(16:0/18:0),-0.132787425,0.008824583,0.073865028,,,PC(18:1/22:1),-0.141285979,0.021660867,0.099905221,,,PC(18:1/18:2),-0.106986718,0.11029722,0.578966721,,,TG(12:0/18:1/18:3),-0.105055897,0.065573911,0.51102427,,,PC(14:0/18:3),-0.077812518,0.173160777,0.988723152,,,TG(14:0/16:0/18:1),-0.048507535,0.350830219,0.997352105,,,AEG(o-15:2/15:0),-0.074947067,0.14910737,0.88280829,,,alpha-Tocopherol,-0.066755701,0.198918951,0.980128404,,,TG(18:3/18:3/18:3),0.070531973,0.2170778,0.977669883,
DG(16:0/2:0),0.1161111,0.02216746,0.06109568,,,TG(12:0/16:0/18:2),0.128240804,0.011460056,0.091714156,,,PC(16:0/22:5),0.140530861,0.02237938,0.101154796,,,TG(14:0/16:0/18:1),-0.106546589,0.111778094,0.578966721,,,PC(22:1/22:1),-0.100100338,0.079427298,0.598352311,,,MG(20:4),0.077577655,0.17446564,0.988723152,,,TG(12:0/16:0/18:3),-0.045955917,0.376777363,0.997352105,,,AEG(o-16:3/16:0),-0.073342457,0.158032631,0.88280829,,,MGDG(16:0/18:1),0.066696125,0.199320965,0.980128404,,,PG(16:0/18:1),0.069427428,0.224381845,0.977669883,
TG(16:0/18:1/22:0),0.11037295,0.02972574,0.07811649,,,TG(18:1/18:2/18:2),-0.127770895,0.011768631,0.091714156,,,gibberellic acid,0.138773997,0.02413125,0.104878127,,,SQDG(16:0/18:0),-0.106233351,0.112841482,0.578966721,,,PC(18:1/20:4),-0.099217156,0.082128753,0.598745103,,,TG(18:1/20:1/22:1),-0.075479186,0.186450163,0.988723152,,,TG(12:0/18:1/18:1),-0.043730732,0.400341405,0.997352105,,,PC(16:0/18:2),-0.072329406,0.163871484,0.88280829,,,PS(18:0/20:4),-0.066667357,0.199515294,0.980128404,,,PC(16:0/18:0),0.069402981,0.224545459,0.977669883,
Cer(24:1),0.10720086,0.03478215,0.08832323,,,.alpha.-Amyrin,-0.124995492,0.013745293,0.102865718,,,MG(18:2),-0.135383688,0.027847914,0.114429611,,,TG(14:0/18:1/18:2),-0.10607756,0.113373306,0.578966721,,,TG(14:0/14:0/18:0),-0.095263274,0.095144497,0.671958007,,,TG(16:1/20:1/22:1),-0.07535846,0.187157612,0.988723152,,,PE(18:0/18:2),0.043681486,0.400872688,0.997352105,,,PC(18:1/24:0),-0.071400662,0.16936533,0.88280829,,,TG(18:1/18:2/18:2),-0.065763655,0.205690341,0.980128404,,,DG(18:0/18:2),0.067132388,0.240113247,0.977669883,
.alpha.-Ionone,-0.0983677,0.05285968,0.12985096,,,gamma-sitosterol,-0.120672335,0.01740701,0.116798021,,,TG(18:1/20:0/22:1),0.129510959,0.035449666,0.138131458,,,TG(12:0/18:1/18:1),-0.106047208,0.113477147,0.578966721,,,PA(16:0/18:2),-0.092936379,0.103541845,0.709104759,,,PC(14:0/22:5),0.074073536,0.194809742,0.988723152,,,PC(18:1/14:0),0.043132259,0.406826481,0.997352105,,,TG(16:1/18:1/18:1),-0.071101479,0.171164077,0.88280829,,,TG(12:0/14:0/18:1),0.065200988,0.209604275,0.980128404,,,TG(12:0/12:0/16:1),0.066178146,0.24687662,0.977669883,
TG(16:0/16:0/20:1),-0.0963802,0.05785943,0.13910884,,,TG(16:0/18:1/20:0),-0.12049765,0.017571384,0.116798021,,,gamma-sitosterol,-0.127073149,0.039087141,0.149723626,,,TG(12:0/18:1/18:3),-0.103991037,0.120686586,0.578966721,,,TG(14:0/16:0/16:0),-0.087400714,0.125875751,0.823411524,,,PC(18:1/20:4),-0.072691948,0.203289627,0.988723152,,,gamma-sitosterol,-0.043008248,0.408178032,0.997352105,,,PC(16:0/18:0),-0.070310975,0.17598525,0.88280829,,,TG(14:0/14:0/16:1),0.065200352,0.20960873,0.980128404,,,TG(18:2/18:2/18:4),0.065582808,0.251162849,0.977669883,
TG(16:0/18:0/18:2),0.07395801,0.14591982,0.28858343,,,.beta.-Amyrin,-0.118505861,0.019543584,0.126195715,,,PC(18:1/18:2),-0.125103958,0.042251016,0.15653655,,,TG(14:0/18:2/18:3),-0.103697957,0.121742563,0.578966721,,,TG(16:1/20:1/22:1),-0.086974458,0.127739524,0.823411524,,,.beta.-Cryptoxanthin,-0.071622204,0.210036878,0.988723152,,,TG(18:1/20:0/22:1),0.042940545,0.408917023,0.997352105,,,PE(16:0/18:3),-0.069251345,0.182604998,0.88280829,,,PC(18:1/16:0),-0.064523663,0.21438667,0.980128404,,,PE(16:0/18:2),0.065537355,0.251492206,0.977669883,
MGDG(18:2/18:2),0.06979563,0.17004711,0.32294661,,,AEG(o-18:4/16:1),0.114130208,0.02456333,0.15420313,,,SPB 18:0;2OH,-0.123268522,0.045391294,0.158890977,,,TG(12:0/14:0/16:0),-0.103493438,0.122483692,0.578966721,,,MG(20:4),0.084684093,0.138121806,0.823411524,,,TG(18:2/18:2/22:1),-0.069490082,0.223962909,0.988723152,,,DGDG(16:0/18:2),0.042482119,0.413941679,0.997352105,,,.alpha.-Ionone,-0.069216536,0.182825539,0.88280829,,,TG(16:0/18:2/18:3),-0.064051364,0.21776748,0.980128404,,,TG(18:0/18:2/22:0),0.064531355,0.258858596,0.977669883,
DG(12:0/12:0),0.05715031,0.26143049,0.44423526,,,TG(18:1/20:1/22:1),0.111236413,0.028463593,0.165581926,,,SPHINGANINE,-0.123268025,0.045392171,0.158890977,,,"9,12,13,TriHODE",-0.102609074,0.12572879,0.578966721,,,TG(14:0/18:2/18:3),-0.084306311,0.139894786,0.823411524,,,(-)-Caryophyllene oxide,-0.068899438,0.227934369,0.988723152,,,DG(18:0/18:0),0.041718587,0.422390801,0.997352105,,,PC(14:0/22:6),-0.067967897,0.190867015,0.88280829,,,PC(16:0/18:1),-0.060112171,0.247457971,0.980128404,,,PC(18:0/20:3),0.063727057,0.264854059,0.977669883,
DGDG(16:0/18:1),0.05630198,0.26858809,0.45299185,,,TG(14:0/18:2/18:3),-0.110775723,0.029131153,0.165581926,,,alpha-Tocopherol,-0.123094611,0.045698732,0.158890977,,,TG(16:0/16:0/16:0),-0.10188513,0.128434436,0.578966721,,,Cer(24:1),-0.083304111,0.144682658,0.823411524,,,DG(16:1/18:3),-0.068873582,0.228109358,0.988723152,,,Cycloartenol acetate,-0.041709708,0.42248965,0.997352105,,,TG(12:0/14:0/18:1),0.067238302,0.19568417,0.88280829,,,TG(14:0/16:0/18:1),-0.058676612,0.258949436,0.980128404,,,SQDG(18:0/18:3),0.061723879,0.280197803,0.977669883,
PC(14:0/22:5),-0.0450297,0.37638932,0.54879992,,,TG(12:0/16:0/18:1),0.110623344,0.029354891,0.165581926,,,DGDG(16:0/18:2),0.120582732,0.050337204,0.172366789,,,MG(18:0),-0.101627704,0.129407291,0.578966721,,,PC(16:0/22:5),-0.083032648,0.146000798,0.823411524,,,PC(16:1/16:1),-0.066590948,0.243934685,0.988723152,,,SQDG(16:0/18:3),0.041410703,0.425826077,0.997352105,,,PE(14:0/22:6),-0.066692399,0.199346126,0.88280829,,,TG(16:0/16:0/18:1),-0.05661545,0.276084155,0.980128404,,,"14(15)-Epoxy-5Z,8Z,11Z-eicosatrienoic acid, methyl ester",0.061609712,0.28109003,0.977669883,
TG(16:0/16:0/18:1),0.03324882,0.51376066,0.66384594,,,TG(16:0/18:1/18:3),-0.110163386,0.030039199,0.165581926,,,DG(16:0/2:0),0.11257552,0.067810258,0.204237086,,,TG(12:0/12:0/18:1),-0.101545507,0.129719123,0.578966721,,,PS(18:0/18:2),0.082220083,0.150001038,0.823411524,,,TG(12:0/12:0/16:1),-0.066183689,0.246836951,0.988723152,,,Ubiquinone 9,-0.041230553,0.427843634,0.997352105,,,PC(14:0/18:2),-0.066642713,0.199681883,0.88280829,,,TG(14:0/18:1/18:2),-0.055525534,0.285449338,0.980128404,,,PC(18:0/20:4),0.061592943,0.281221238,0.977669883,
SQDG(16:0/18:2),0.030001,0.55574249,0.69009782,,,TG(18:1/18:3/22:0),-0.108964951,0.031886653,0.171580559,,,TG(16:0/18:1/18:1),-0.111441601,0.070644719,0.204237086,,,PC(18:0/20:2),-0.101145582,0.131244592,0.578966721,,,TG(18:2/20:3/21:0),-0.081732469,0.15244117,0.823411524,,,TG(12:0/16:0/16:0),-0.066054354,0.247763651,0.988723152,,,MG(18:0),0.040983002,0.43062506,0.997352105,,,SQDG(16:0/14:0),-0.066486004,0.200743547,0.88280829,,,TG(18:1/18:1/20:3),0.05548987,0.285759355,0.980128404,,,"8(9)-Epoxy-5Z,11Z,14Z-eicosatrienoic acid, methyl ester",0.056876399,0.319773359,0.977669883,
CL(18:1),0.021377,0.67465531,0.78499965,,,PE(18:1/18:2),0.105868624,0.03711443,0.195066541,,,Apocarotenal,0.10811,0.079535639,0.224688181,,,PC(16:0/22:5),-0.099246246,0.138678644,0.578966721,,,PC(18:0/18:1),-0.081617,0.153023381,0.823411524,,,TG(14:0/14:0/16:0),-0.066054352,0.247763667,0.988723152,,,TG(18:0/18:2/22:0),-0.040122504,0.440374353,0.997352105,,,LPC(18:3),-0.065424033,0.208046384,0.88280829,,,SQDG(16:1/18:3),0.055475622,0.285883274,0.980128404,,,DG(18:1/18:2),0.056545752,0.322599291,0.977669883,
TG(16:0/18:1/20:1),-0.0171862,0.7357683,0.82722941,,,TG(14:0/16:0/16:0),0.104889495,0.038911938,0.198615089,,,TG(18:1/18:2/18:2),-0.099266255,0.107570609,0.294232294,,,Oxo fatty acid (18:3),-0.098671361,0.140991115,0.578966721,,,PC(16:0/20:4),-0.077800194,0.173229068,0.902049022,,,PC(16:0/20:4),-0.062098777,0.277281411,0.988723152,,,TG(14:0/18:1/18:3),0.040111596,0.440498745,0.997352105,,,PC(18:3/0:0),-0.065423312,0.20805141,0.88280829,,,PE(18:3/18:3),0.054617001,0.293417636,0.980128404,,,TG(14:0/18:1/18:2),0.056088426,0.326534538,0.977669883,
DG(18:1/18:2),-0.0099814,0.84462528,0.89198745,,,TG(18:2/20:3/21:0),0.10455258,0.039547252,0.198615089,,,DGDG(16:0/18:1),0.091199274,0.139444521,0.345238343,,,Cycloartenol acetate,-0.098313434,0.142445676,0.578966721,,,PE(16:0/18:2),-0.076734682,0.179209257,0.902049022,,,PC(18:0/18:1),-0.061638431,0.280865408,0.988723152,,,PG(16:0/18:1),0.039756197,0.444562497,0.997352105,,,TG(16:0/16:0/18:2),-0.065030494,0.210800773,0.88280829,,,TG(16:0/18:3/18:3),-0.053249697,0.305687266,0.980128404,,,TG(12:0/18:1/18:2),-0.054712429,0.338561185,0.977669883,
AEG(o-18:4/18:2),-0.0079409,0.87609991,0.91666009,,,TG(12:0/18:1/18:2),0.099814225,0.049451576,0.242957741,,,PS(18:0/18:2),-0.083597329,0.175665553,0.412885993,,,TG(10:0/14:0/16:0),-0.097974451,0.143833778,0.578966721,,,PC(18:1/24:1),-0.076457171,0.180791572,0.902049022,,,TG(14:0/14:0/18:0),-0.058908955,0.302756818,0.988723152,,,PC(16:0/20:4),0.037034807,0.476376911,0.997352105,,,TG(16:0/16:0/18:1),-0.06469201,0.213190767,0.88280829,,,TG(18:1/20:0/22:1),0.052561832,0.311986194,0.980128404,,,TG(18:2/18:3/20:3),0.054173853,0.343344583,0.977669883,
,,,,,,TG(16:1/18:1/18:1),-0.094142782,0.063949627,0.294681278,,,TG(16:1/18:1/18:1),-0.07824006,0.205097553,0.443476639,,,DGDG(16:0/18:3),-0.09748755,0.145845578,0.578966721,,,TG(18:2/20:2/22:2),-0.075753511,0.184849948,0.902049022,,,DG(18:1/2:0),0.058589241,0.305392984,0.988723152,,,Panaxcerol B,0.036459981,0.483252366,0.997352105,,,Ubiquinone 9,-0.06419241,0.216753875,0.88280829,,,DG(18:2/18:3),-0.052281087,0.314581354,0.980128404,,,PC(18:0/18:2),0.054122238,0.343805247,0.977669883,
,,,,,,TG(18:0/18:2/22:0),-0.093450943,0.065936247,0.294681278,,,TG(16:0/18:1/18:2),-0.077419246,0.209904718,0.443476639,,,Ubiquinone 9,-0.097147411,0.147263627,0.578966721,,,PC(18:2/20:0),-0.074729164,0.190877207,0.902049022,,,TG(18:1/20:0/22:1),-0.057469478,0.314745006,0.988723152,,,DG(16:1/18:3),-0.035996805,0.488831184,0.997352105,,,TG(10:0/16:1/18:1),0.063626352,0.220842287,0.88280829,,,DG(16:1/18:3),-0.051721628,0.319794916,0.980128404,,,TG(16:0/18:1/18:3),0.051171642,0.370790492,0.977669883,
,,,,,,PS(18:0/20:4),-0.093258122,0.066498872,0.294681278,,,MGDG(18:3/18:3),-0.077409107,0.209964604,0.443476639,,,TG(12:0/18:1/18:2),-0.096336795,0.150685283,0.578966721,,,TG(18:2/18:2/22:1),-0.074610331,0.191585633,0.902049022,,,FA(22:1),-0.056037169,0.326977532,0.988723152,,,TG(18:1/20:1/22:1),0.03566313,0.492871514,0.997352105,,,PC(14:0/14:0),-0.063235982,0.223693675,0.88280829,,,PC(18:0/18:3),-0.051324499,0.323529697,0.980128404,,,SQDG(16:1/18:3),0.049946354,0.382370898,0.977669883,
,,,,,,TG(16:0/18:1/22:1),-0.092560364,0.068567843,0.298006397,,,MGDG(16:0/18:1),0.075908403,0.218964088,0.458202629,,,AEG(o-18:4/18:2),-0.096081274,0.151776234,0.578966721,,,TG(18:1/20:0/22:1),-0.069471658,0.224086043,0.982319329,,,MG(18:1),0.055846947,0.328624912,0.988723152,,,FA(22:1),0.035111515,0.499589685,0.997352105,,,PG(16:0/16:0),-0.062719545,0.227506056,0.88280829,,,PC(16:0/16:0),0.051154594,0.325136176,0.980128404,,,TG(18:1/18:2/18:3),0.049212172,0.389414302,0.977669883,
,,,,,,TG(12:0/18:2/18:3),-0.090708063,0.074316891,0.316898443,,,Panaxcerol B,-0.074388409,0.228356638,0.460017286,,,AEG(o-16:2/18:2),-0.095787503,0.153037869,0.578966721,,,TG(14:0/16:0/18:1),-0.067999175,0.234083309,0.982319329,,,PC(18:1/18:1),-0.053991001,0.34497832,0.988723152,,,DG(18:1/2:0),0.034394723,0.508391385,0.997352105,,,DG(16:0/18:2),-0.061979484,0.233049289,0.88280829,,,DGDG(16:0/18:1),0.050681992,0.329631828,0.980128404,,,TG(12:0/16:0/18:1),-0.048609247,0.395256825,0.977669883,
,,,,,,TG(16:0/18:1/18:2),-0.090157447,0.076099585,0.318490857,,,Cer(24:1),0.071777075,0.245152192,0.469528775,,,TG(12:0/12:0/12:0),-0.095164187,0.15574098,0.578966721,,,TG(18:1/20:1/22:1),-0.066631506,0.243646965,0.982319329,,,TG(14:0/18:2/18:3),-0.053070387,0.353278533,0.988723152,,,PC(18:2/20:0),0.034183056,0.511005907,0.997352105,,,TG(16:0/18:1/18:3),-0.061892351,0.233708164,0.88280829,,,TG(10:0/14:0/16:0),0.049056654,0.345397392,0.980128404,,,MG(18:3),0.047969756,0.401510949,0.977669883,
,,,,,,Ubiquinone 9,-0.087748868,0.084310249,0.341116292,,,MGDG(18:2/18:2),0.070182667,0.255820995,0.485844914,,,GalCer(d18:2/18:1),-0.095146509,0.155818168,0.578966721,,,PE(16:0/18:1),-0.06517029,0.254162979,0.982319329,,,PC(18:0/18:2),-0.052288732,0.360423687,0.988723152,,,TG(12:0/18:1/18:2),-0.032381584,0.53353769,0.997352105,,,TG(18:1/20:1/22:1),0.061001479,0.240520171,0.88280829,,,PC(14:0/22:6),-0.048986347,0.346089993,0.980128404,,,gibberellic acid,0.04748426,0.406298251,0.977669883,
,,,,,,alpha-Carotene,-0.084811573,0.095273848,0.364949544,,,.gamma.-Linolenoyl ethanolamide,-0.067463576,0.274746658,0.496741958,,,PC(16:0/18:0),-0.092857737,0.166056703,0.578966721,,,.beta.-Cryptoxanthin,-0.06479256,0.256931787,0.982319329,,,CL(18:1),-0.052180513,0.361419989,0.988723152,,,DG(16:0/18:0),0.032163031,0.536304852,0.997352105,,,LPE(16:0),-0.060129629,0.247320446,0.88280829,,,AEG(o-18:3/16:1),-0.048913502,0.346808521,0.980128404,,,PE(16:0/18:3),0.046941102,0.41169414,0.977669883,
,,,,,,MGDG(18:2/18:3),-0.084414748,0.096838519,0.364949544,,,TG(16:0/16:0/20:1),-0.066889293,0.2788624,0.500181765,,,TG(14:0/18:3/18:3),-0.090856355,0.175414444,0.578966721,,,TG(18:2/20:3/22:0),-0.064762248,0.257154874,0.982319329,,,AEG(o-15:2/15:0),-0.049289204,0.388671633,0.988723152,,,PE(16:0/20:4),0.031919048,0.539402465,0.997352105,,,PE(16:0/0:0),-0.060128673,0.247327974,0.88280829,,,TG(10:0/12:0/14:0),0.048819856,0.347733622,0.980128404,,,GalCer(d18:2/20:1),0.046803139,0.413071411,0.977669883,
,,,,,,Vitamin K1,-0.084401966,0.09688926,0.364949544,,,DG(16:1/18:3),0.065580151,0.288399901,0.512689212,,,TG(12:0/14:0/18:1),-0.090386989,0.17766453,0.578966721,,,TG(16:1/20:1/20:2),-0.064585111,0.258461243,0.982319329,,,PC(16:0/20:5),-0.04909674,0.390528811,0.988723152,,,TG(18:2/22:0/22:3),0.031618953,0.543224671,0.997352105,,,PC(16:0/22:6),-0.059605468,0.25147276,0.88280829,,,MG(20:4),-0.04870244,0.348895736,0.980128404,,,PE(16:0/20:4),0.046656019,0.414543075,0.977669883,
,,,,,,.beta.-Sitosterol,-0.083844639,0.099122204,0.367239642,,,SQDG(16:0/18:2),0.065061642,0.292237149,0.512689212,,,TG(14:0/14:0/16:1),-0.090386367,0.177667526,0.578966721,,,MGDG(16:0/18:1),0.063268383,0.268315453,0.982319329,,,TG(16:1/20:1/20:2),-0.047295004,0.408173588,0.988723152,,,(-)-Caryophyllene oxide,-0.031259282,0.547823292,0.997352105,,,TG(16:0/18:2/18:3),-0.058245267,0.26247313,0.88280829,,,DGDG(16:0/18:2),0.048153318,0.354363203,0.980128404,,,DG(16:1/18:3),-0.046633075,0.414772873,0.977669883,
,,,,,,PC(16:1/16:1),0.082128016,0.106257764,0.381940173,,,SQDG(16:0/18:1),0.052898118,0.391990188,0.62829633,,,DG(18:3/18:3),-0.089636702,0.181305543,0.578966721,,,PC(16:0/18:2),-0.062909513,0.271045154,0.982319329,,,PS(18:0/18:2),0.047198773,0.409129107,0.988723152,,,PE(16:0/18:0),0.030634559,0.555856071,0.997352105,,,MG(18:0),-0.057533423,0.268360077,0.88280829,,,TG(10:0/16:1/18:1),0.047907296,0.35683016,0.980128404,,,Cer(d18:2/20:1),0.046301227,0.418104807,0.977669883,
,,,,,,alpha-Tocopherol,-0.082072377,0.106495658,0.381940173,,,TG(16:0/18:0/18:2),0.052231142,0.397996025,0.633430293,,,TG(12:0/18:2/18:3),-0.089062015,0.184131381,0.578966721,,,.gamma.-Linolenoyl ethanolamide,0.062346792,0.275363418,0.982319329,,,SPHINGANINE,0.046222075,0.41890184,0.988723152,,,PE(16:0/18:1),0.030066893,0.563204504,0.997352105,,,PE(16:0/20:4),-0.057481544,0.268792617,0.88280829,,,TG(8:0/16:1/18:1),0.045853801,0.377839721,0.980128404,,,DGDG(16:0/18:2),0.046240827,0.41871294,0.977669883,
,,,,,,TG(14:0/14:0/18:0),0.081685824,0.108160049,0.381940173,,,DG(16:0/18:1),0.043024351,0.486386141,0.695654693,,,PC(22:0/0:0),-0.088457047,0.187140972,0.578966721,,,PE(16:0/20:4),-0.060875329,0.286875157,0.982319329,,,DG(18:1/18:3),-0.044991314,0.431409299,0.988723152,,,TG(12:0/14:0/18:3),-0.028269571,0.586773607,0.997352105,,,DG(16:0/16:0),-0.056818665,0.274361365,0.88280829,,,SQDG(18:1/18:3),0.044362862,0.393559258,0.980128404,,,PC(18:2/20:0),0.045824235,0.422921435,0.977669883,
,,,,,,TG(18:0/18:0/20:1),-0.080371556,0.113972723,0.396274392,,,TG(16:0/16:0/18:1),0.031437323,0.611104191,0.796280949,,,DGDG(18:2/18:4),-0.0877933,0.190484314,0.578966721,,,SQDG(16:0/18:0),0.060601446,0.289053013,0.982319329,,,TG(18:2/20:3/21:0),-0.043899165,0.442686367,0.988723152,,,TG(18:2/20:2/22:2),0.028120981,0.58874233,0.997352105,,,DG(16:0/2:0),-0.056682577,0.275514263,0.88280829,,,TG(16:1/16:1/22:5),-0.042668498,0.411894469,0.980128404,,,.beta.-Cryptoxanthin,-0.044735848,0.434032184,0.977669883,
,,,,,,SPB 18:0;2OH,-0.079358643,0.11861754,0.400117043,,,CL(18:1),-0.027558879,0.655786035,0.827975664,,,TG(10:0/12:0/16:0),-0.087566113,0.191638648,0.578966721,,,.alpha.-Amyrin,0.060047707,0.293490014,0.982319329,,,PC(18:1/24:1),-0.043241579,0.449556431,0.988723152,,,PE(18:0/18:1),-0.028063305,0.589507329,0.997352105,,,PC(16:0/22:5),-0.053524983,0.303190111,0.88280829,,,TG(10:0/16:0/16:0),0.04221968,0.416834493,0.980128404,,,PC(16:0/22:5),0.044460905,0.436865248,0.977669883,
,,,,,,SPHINGANINE,-0.079358379,0.118618769,0.400117043,,,Oxo fatty acid (18:3),0.027150258,0.660569408,0.82938159,,,TG(12:0/12:0/14:0),-0.087565665,0.191640929,0.578966721,,,.beta.-Amyrin,0.05863505,0.305014349,0.982319329,,,TG(18:1/18:1/20:3),-0.043083609,0.451215725,0.988723152,,,TG(18:2/18:2/22:1),0.027650038,0.595002026,0.997352105,,,PE(18:0/18:2),-0.053332465,0.304935042,0.88280829,,,PC(14:0/18:0),0.041532815,0.424461653,0.980128404,,,TG(12:0/12:0/12:0),0.04364462,0.445338586,0.977669883,
,,,,,,MG(18:2),-0.076405609,0.133004946,0.425023634,,,TG(18:3/18:3/18:3),0.013196419,0.831008526,0.922624245,,,DGDG(18:0/18:2),-0.086316116,0.19808136,0.578966721,,,DG(18:0/18:0),0.057455355,0.314864144,0.982319329,,,DG(18:2/18:2),-0.04092349,0.474248303,0.988723152,,,TG(12:0/18:1/18:3),-0.025432015,0.624881883,0.997352105,,,TG(12:0/12:0/18:1),0.053194259,0.306191788,0.88280829,,,SQDG(16:0/18:2),0.040762317,0.433113421,0.980128404,,,TG(12:0/16:0/18:3),-0.042735425,0.454885149,0.977669883,
,,,,,,PE(18:2/18:2),0.076326954,0.133405787,0.425023634,,,PC(16:1/18:2),-0.004296142,0.944613019,0.977434301,,,Panaxcerol B,-0.085410949,0.202844017,0.578966721,,,MG(18:1),0.056794415,0.320472548,0.982319329,,,PE(18:2/18:2),-0.040543467,0.478365822,0.988723152,,,Phytosphingosine,-0.024789983,0.633649823,0.997352105,,,MG(16:1),-0.053016806,0.307810427,0.88280829,,,PC(18:1/14:0),0.039551509,0.446912609,0.980128404,,,PC(18:1/20:4),0.042353102,0.458933553,0.977669883,
,,,,,,TG(18:2/20:2/22:2),0.076303572,0.133525124,0.425023634,,,,,,,,,TG(18:0/18:0/20:1),-0.08457328,0.207324839,0.578966721,,,DG(18:1/18:1),0.056794414,0.320472551,0.982319329,,,Ubidecarenone,-0.039766803,0.486841031,0.988723152,,,TG(18:1/18:2/18:2),-0.024519425,0.637360213,0.997352105,,,PC(18:1/18:1),-0.051019236,0.326419696,0.88280829,,,DGDG(18:0/18:3),-0.039469126,0.447860461,0.980128404,,,PC(14:0/22:5),0.040413085,0.479782964,0.977669883,
,,,,,,TG(18:0/18:2/18:2),-0.075337427,0.138528498,0.434825563,,,,,,,,,DG(16:0/18:1),-0.084545887,0.207472563,0.578966721,,,trans-EKODE-(E)-Ib,0.056131949,0.326158696,0.982319329,,,TG(18:2/20:2/22:2),-0.039295792,0.492019904,0.988723152,,,.gamma.-Linolenoyl ethanolamide,0.024500533,0.637619636,0.997352105,,,PC(18:0/18:2),-0.050984424,0.326750332,0.88280829,,,TG(18:2/20:2/22:2),0.039165564,0.451362891,0.980128404,,,TG(18:1/18:2/18:2),0.040341972,0.480556859,0.977669883,
,,,,,,PC(18:2/20:0),0.073184587,0.150193565,0.459576173,,,,,,,,,PG(16:0/18:1),-0.084358321,0.208486104,0.578966721,,,TG(18:0/18:2/20:1),-0.055583432,0.330915869,0.982319329,,,MG(12:0),0.038594832,0.499781269,0.988723152,,,TG(16:0/18:1/20:0),-0.024421744,0.63870202,0.997352105,,,TG(16:0/18:1/20:1),0.05091763,0.327385323,0.88280829,,,TG(16:0/16:0/20:1),-0.036418948,0.483745195,0.980128404,,,PC(14:0/22:6),0.040218598,0.481901106,0.977669883,
,,,,,,GalCer(d18:2/20:1),-0.073133228,0.150480694,0.459576173,,,,,,,,,TG(16:0/18:1/18:1),-0.084216008,0.209257488,0.578966721,,,PC(18:1/22:1),-0.053880369,0.345969171,0.982319329,,,PC(22:1/22:1),-0.037814792,0.508493669,0.988723152,,,TG(14:0/18:1/18:2),-0.023659849,0.649208113,0.997352105,,,PC(16:1/16:1),-0.050916755,0.327393643,0.88280829,,,SQDG(16:0/18:0),0.035068501,0.50011558,0.980128404,,,GalCer(d18:2/18:1),0.038317161,0.502873551,0.977669883,
,,,,,,PC(14:0/18:2),0.071722608,0.158530888,0.477706409,,,,,,,,,AEG(o-18:3/16:1),-0.082314995,0.219759046,0.598380054,,,PC(16:0/20:3),-0.053779394,0.346875112,0.982319329,,,Ubiquinone 9,-0.037646624,0.510382294,0.988723152,,,PC(16:0/22:6),0.023172123,0.65597042,0.997352105,,,PC(18:1/20:4),-0.050205208,0.334207706,0.88280829,,,TG(16:0/18:1/22:1),-0.034275952,0.509857588,0.980128404,,,TG(10:0/14:0/16:0),0.037676248,0.510049331,0.977669883,
,,,,,,PE(16:0/18:1),0.07080723,0.163925939,0.487463975,,,,,,,,,TG(10:0/10:0/10:0),-0.080606406,0.229513516,0.599726701,,,AEG(o-18:4/16:1),-0.05288558,0.354959764,0.982319329,,,beta-Carotene,-0.037377069,0.513417149,0.988723152,,,PC(18:1/24:0),-0.023114069,0.656777227,0.997352105,,,TG(10:0/14:0/16:0),0.049691184,0.339186443,0.88280829,,,PC(18:0/18:1),-0.032777205,0.528546974,0.980128404,,,FA(22:1),0.037299461,0.514292659,0.977669883,
,,,,,,TG(16:0/16:0/18:2),-0.067550119,0.184241858,0.533828974,,,,,,,,,LPC(16:0),-0.07814237,0.244113477,0.599726701,,,DG(18:1/2:0),0.052646365,0.357143414,0.982319329,,,alpha-Carotene,-0.037289334,0.51440695,0.988723152,,,DGDG(16:0/18:1),0.023099229,0.656983534,0.997352105,,,DG(18:1/18:3),-0.048869648,0.34724155,0.88280829,,,MGDG(18:3/18:3),0.032691616,0.52962466,0.980128404,,,TG(12:0/14:0/16:0),0.037193753,0.515486395,0.977669883,
,,,,,,TG(12:0/18:1/18:3),-0.064797916,0.20280819,0.571632326,,,,,,,,,.beta.-Sitosterol,-0.078098956,0.244376392,0.599726701,,,beta-Carotene,-0.050607292,0.376097093,0.982319329,,,PC(18:1/24:0),-0.03702369,0.517409885,0.988723152,,,MGDG(18:2/18:3),0.022868419,0.660195538,0.997352105,,,TG(12:0/12:0/12:0),0.048223434,0.353662088,0.88280829,,,PC(18:0/20:2),-0.032252468,0.535171596,0.980128404,,,.beta.-Sitosterol,0.03688478,0.518983758,0.977669883,
,,,,,,TG(18:1/20:0/22:1),0.063414733,0.212635955,0.571632326,,,,,,,,,PE(18:3/18:3),-0.07808473,0.244462583,0.599726701,,,PC(18:0/20:2),-0.050274888,0.37924442,0.982319329,,,MGDG(16:0/18:3),0.036181006,0.52699527,0.988723152,,,TG(12:0/16:0/18:1),-0.022715529,0.662326647,0.997352105,,,PE(18:2/18:2),-0.047581814,0.360110424,0.88280829,,,DG(18:0/18:0),0.032187897,0.535989654,0.980128404,,,DGDG(16:0/18:1),0.036579793,0.522447918,0.977669883,
,,,,,,TG(16:0/18:1/20:2),0.06217911,0.221701018,0.571632326,,,,,,,,,trans-EKODE-(E)-Ib,-0.078064771,0.244583554,0.599726701,,,SQDG(16:0/18:2),0.048407181,0.397226637,0.982319329,,,TG(12:0/18:1/18:3),-0.035549478,0.534237457,0.988723152,,,TG(12:0/18:2/18:3),-0.021593966,0.67804229,0.997352105,,,CL(18:1),0.047510896,0.360827638,0.88280829,,,PE(16:0/20:5),-0.031905633,0.539573029,0.980128404,,,SQDG(18:3/18:3),0.035644542,0.533144093,0.977669883,
,,,,,,LPE(16:0),0.06193655,0.223512457,0.571632326,,,,,,,,,"14(15)-Epoxy-5Z,8Z,11Z-eicosatrienoic acid, methyl ester",-0.077622798,0.247272971,0.599726701,,,FA(22:1),-0.047243892,0.408680934,0.982319329,,,PE(16:0/20:4),-0.03545979,0.535270003,0.988723152,,,PG(18:0/16:0),0.021433617,0.680300786,0.997352105,,,TG(18:2/18:3/20:3),-0.047164183,0.364346887,0.88280829,,,TG(12:0/14:0/18:3),0.031133807,0.549432071,0.980128404,,,GalCer(d18:2/22:1),0.035594447,0.533720116,0.977669883,
,,,,,,PE(16:0/0:0),0.061936124,0.223515646,0.571632326,,,,,,,,,.alpha.-Ionone,-0.077300577,0.249246615,0.599726701,,,PC(14:0/22:5),0.04637559,0.417356794,0.982319329,,,PE(16:0/18:1),-0.035157075,0.538762463,0.988723152,,,Oxo fatty acid (18:3),0.021433096,0.68030813,0.997352105,,,PC(14:0/20:4),-0.045781608,0.37859189,0.88280829,,,TG(12:0/18:1/18:2),-0.030653894,0.555606603,0.980128404,,,MGDG(16:0/18:3),0.034855605,0.542251823,0.977669883,
,,,,,,trans-EKODE-(E)-Ib,-0.061840884,0.224229785,0.571632326,,,,,,,,,(-)-Caryophyllene oxide,-0.077202336,0.249850527,0.599726701,,,TG(18:1/18:2/18:3),-0.045531651,0.425891864,0.982319329,,,DG(12:0/12:0),0.033963471,0.552643041,0.988723152,,,TG(18:2/20:3/22:0),0.021388738,0.680933408,0.997352105,,,MG(16:0),-0.045736979,0.379057329,0.88280829,,,Oxo fatty acid (18:3),0.030437511,0.558401573,0.980128404,,,TG(18:0/18:2/20:1),0.034416972,0.54734871,0.977669883,
,,,,,,AEG(o-18:4/18:2),-0.061402743,0.227536005,0.571632326,,,,,,,,,"8(9)-Epoxy-5Z,11Z,14Z-eicosatrienoic acid, methyl ester",-0.076767033,0.252538634,0.599726701,,,PE(18:0/18:2),-0.045314633,0.428102915,0.982319329,,,PE(16:0/18:2),-0.033346963,0.55988024,0.988723152,,,TG(16:0/18:1/22:1),-0.020995981,0.686479329,0.997352105,,,TG(10:0/12:0/14:0),0.045518665,0.3813392,0.88280829,,,TG(10:0/12:0/16:0),0.029010428,0.577003357,0.980128404,,,AEG(o-16:2/18:2),0.033960345,0.552679628,0.977669883,
,,,,,,PC(16:0/16:0),0.061375043,0.227746189,0.571632326,,,,,,,,,DG(16:0/2:0),-0.076454183,0.254482889,0.599726701,,,DG(18:1/18:3),-0.044979905,0.43152624,0.982319329,,,DG(16:0/16:0),-0.031415793,0.582841623,0.988723152,,,TG(16:0/18:3/18:3),-0.020959076,0.68700131,0.997352105,,,TG(16:1/16:1/22:5),-0.045071411,0.386040152,0.88280829,,,TG(12:0/12:0/14:0),0.02901007,0.577008053,0.980128404,,,AEG(o-18:4/16:1),0.033843738,0.554045014,0.977669883,
,,,,,,TG(18:1/20:3/22:0),-0.061156988,0.229405566,0.571632326,,,,,,,,,alpha-Tocopherol,-0.076078875,0.25682891,0.599726701,,,CL(18:1),-0.043835592,0.443347911,0.982319329,,,MGDG(18:2/18:2),-0.030811376,0.59011685,0.988723152,,,TG(16:0/16:0/18:2),-0.020691176,0.690794962,0.997352105,,,PC(18:2/20:0),-0.044109868,0.396265288,0.88280829,,,TG(14:0/16:0/16:0),0.028583661,0.58262214,0.980128404,,,MGDG(18:2/18:2),0.032474492,0.570199677,0.977669883,
,,,,,,PE(16:0/18:3),0.06105684,0.230170538,0.571632326,,,,,,,,,PC(18:2/20:0),-0.074329181,0.26796267,0.599726701,,,MGDG(18:2/18:2),-0.043420443,0.447681837,0.982319329,,,AEG(o-18:4/16:1),-0.030717126,0.59125506,0.988723152,,,Antheraxanthin,0.020157977,0.698368392,0.997352105,,,TG(18:0/18:2/22:0),0.043975538,0.397706609,0.88280829,,,SQDG(18:3/18:3),0.02810764,0.588919241,0.980128404,,,TG(12:0/18:1/18:1),-0.031587256,0.580785382,0.977669883,
,,,,,,TG(16:0/18:2/18:3),-0.059695656,0.240747433,0.587761984,,,,,,,,,SQDG(16:1/18:3),-0.074239595,0.268541463,0.599726701,,,AEG(o-16:2/18:2),-0.043338432,0.44854081,0.982319329,,,DG(16:0/18:1),-0.030494524,0.593947279,0.988723152,,,PC(14:0/18:3),0.019441914,0.708586291,0.997352105,,,MG(18:2),-0.043855393,0.398998407,0.88280829,,,TG(18:0/18:2/22:0),-0.02801694,0.590122619,0.980128404,,,TG(16:0/18:1/22:1),0.031563435,0.581070843,0.977669883,
,,,,,,MG(16:0),0.058251997,0.252332865,0.606672632,,,,,,,,,PC(16:0/20:3),-0.073971032,0.270281681,0.599726701,,,TG(16:0/18:1/22:0),-0.04322314,0.449749936,0.982319329,,,LPC(16:0),0.030438218,0.594629142,0.988723152,,,TG(18:2/18:3/20:3),0.019315027,0.71040244,0.997352105,,,gamma-sitosterol,-0.043448148,0.403395747,0.88280829,,,TG(14:0/14:0/16:0),0.027111622,0.60219538,0.980128404,,,PG(16:0/16:0),0.031383644,0.58322755,0.977669883,
,,,,,,TG(16:0/16:0/18:1),-0.051724417,0.309512263,0.690632087,,,,,,,,,.gamma.-Linolenoyl ethanolamide,-0.07246119,0.280207882,0.614825062,,,PC(14:0/20:4),-0.043198429,0.450009338,0.982319329,,,Antheraxanthin,-0.030100244,0.598729467,0.988723152,,,PC(16:1/18:2),-0.018419995,0.723259149,0.997352105,,,TG(8:0/16:1/18:1),0.042678692,0.411782671,0.88280829,,,Lutein,0.026684755,0.607926012,0.980128404,,,PE(16:0/0:0),-0.030889236,0.589177342,0.977669883,
,,,,,,PC(18:0/18:1),0.051491252,0.311701208,0.690632087,,,,,,,,,DG(16:0/18:0),-0.069497375,0.30040055,0.637840355,,,PC(14:0/18:2),-0.043086886,0.45118127,0.982319329,,,PC(18:2/20:0),-0.029551708,0.605411362,0.988723152,,,TG(12:0/16:0/18:2),-0.018103419,0.727825514,0.997352105,,,TG(18:1/18:3/22:0),0.042247632,0.416525821,0.88280829,,,PC(16:0/18:0),-0.026189936,0.614599015,0.980128404,,,LPE(16:0),-0.030889025,0.589179876,0.977669883,
,,,,,,SQDG(16:0/18:3),-0.050504973,0.321072571,0.704489331,,,,,,,,,DGDG(16:0/18:2),-0.069381995,0.301205649,0.637840355,,,PC(16:1/18:2),0.042630299,0.455996332,0.982319329,,,AEG(o-18:4/18:2),-0.029547595,0.605461593,0.988723152,,,TG(16:1/18:1/18:1),0.017904424,0.730700817,0.997352105,,,TG(18:3/18:3/18:3),-0.042076918,0.418413103,0.88280829,,,PC(16:1/16:1),0.026004186,0.617112259,0.980128404,,,PA(16:0/18:2),-0.030807981,0.590157833,0.977669883,
,,,,,,PC(14:0/18:0),0.049452678,0.33127125,0.711105811,,,,,,,,,TG(16:0/18:1/22:0),-0.069270304,0.301986363,0.637840355,,,AEG(o-16:2/16:0),-0.041711462,0.465772794,0.982319329,,,PE(18:0/18:2),-0.029246943,0.609138112,0.988723152,,,PC(16:0/18:3),0.017778606,0.732520716,0.997352105,,,Apocarotenal,-0.041856553,0.420856686,0.88280829,,,"9,12,13,TriHODE",0.025989603,0.617309762,0.980128404,,,PC(18:1/24:0),0.03037442,0.595402164,0.977669883,
,,,,,,PG(16:0/16:0),0.049230335,0.333452589,0.711105811,,,,,,,,,TG(12:0/12:0/16:1),-0.068471872,0.307606301,0.639541501,,,TG(18:1/20:3/22:0),-0.041456625,0.468504644,0.982319329,,,TG(18:0/18:2/22:0),0.028717809,0.615632494,0.988723152,,,"9,12,13,TriHODE",0.016954661,0.744475381,0.997352105,,,PC(18:1/24:1),-0.041705124,0.422540682,0.88280829,,,GalCer(d18:2/20:1),-0.025491191,0.624076362,0.980128404,,,TG(14:0/14:0/18:0),0.030220583,0.597268038,0.977669883,
,,,,,,PE(16:0/18:2),0.048527916,0.340404273,0.718984727,,,,,,,,,beta-Carotene,-0.067207834,0.316643206,0.639541501,,,DG(18:2/18:2),-0.040818798,0.475380698,0.982319329,,,PC(16:1/18:2),0.025781734,0.652203778,0.988723152,,,TG(18:2/18:2/20:2),0.0167989,0.746742335,0.997352105,,,DG(18:0/18:2),-0.041355745,0.426440981,0.88280829,,,MG(12:0),0.024890641,0.632271746,0.980128404,,,Ubidecarenone,-0.029325836,0.608172415,0.977669883,
,,,,,,PC(16:0/18:3),0.046128967,0.364837361,0.743526388,,,,,,,,,DGDG(18:2/18:3),-0.064149057,0.339219553,0.660522927,,,"9,12,13,TriHODE",0.039478482,0.490007701,0.982319329,,,GalCer(d18:2/20:1),0.024723436,0.665598689,0.988723152,,,alpha-Carotene,-0.016749953,0.747455152,0.997352105,,,PG(16:0/18:1),-0.041350302,0.426501911,0.88280829,,,beta-Carotene,-0.024705418,0.634808553,0.980128404,,,TG(16:0/16:0/16:0),0.029311458,0.60834836,0.977669883,
,,,,,,MGDG(16:0/18:3),-0.045736249,0.368938673,0.743526388,,,,,,,,,PC(18:1/18:1),-0.063872595,0.341309422,0.660522927,,,MG(16:1),0.036292213,0.525725169,0.982319329,,,Vitamin K1,-0.024268237,0.671393292,0.988723152,,,MG(16:1),0.016575571,0.749996478,0.997352105,,,TG(14:0/16:0/18:1),-0.041089236,0.429430165,0.88280829,,,TG(18:2/22:0/22:3),0.023999574,0.644514759,0.980128404,,,alpha-Carotene,0.029222629,0.609435858,0.977669883,
,,,,,,Lutein,-0.045555659,0.370834194,0.743526388,,,,,,,,,.beta.-Amyrin,-0.062908032,0.348664809,0.660522927,,,PE(16:0/20:5),-0.036192913,0.526859203,0.982319329,,,PC(18:3/0:0),-0.024104483,0.673482634,0.988723152,,,TG(10:0/12:0/16:0),-0.016472466,0.751500333,0.997352105,,,SQDG(18:0/18:3),-0.041049196,0.429880307,0.88280829,,,PE(16:0/18:0),0.023929447,0.645482427,0.980128404,,,beta-Carotene,0.029157214,0.610237269,0.977669883,
,,,,,,Zeaxanthin,-0.045555654,0.370834242,0.743526388,,,,,,,,,TG(18:0/18:2/22:0),-0.06269028,0.350339046,0.660522927,,,TG(18:1/18:2/18:2),-0.03575554,0.531868903,0.982319329,,,TG(14:0/18:1/18:2),0.024037964,0.67433208,0.988723152,,,TG(10:0/10:0/10:0),-0.016387776,0.752736296,0.997352105,,,PC(14:0/22:5),-0.04059837,0.434967377,0.88280829,,,PG(16:0/18:1),0.023763786,0.647770723,0.980128404,,,TG(10:0/12:0/16:0),0.028513437,0.618148948,0.977669883,
,,,,,,PC(14:0/22:6),-0.04546736,0.371763194,0.743526388,,,,,,,,,TG(18:1/18:1/20:3),-0.062262504,0.353642806,0.660522927,,,Oxo fatty acid (18:3),0.03560006,0.533655553,0.982319329,,,PC(18:1/14:0),-0.024020057,0.674560819,0.988723152,,,PC(18:2/0:0),0.01557809,0.764584268,0.997352105,,,TG(14:0/18:1/18:2),-0.040241444,0.439019326,0.88280829,,,PC(14:0/18:3),0.023732531,0.648202833,0.980128404,,,AEG(o-18:4/18:2),0.028503063,0.618276804,0.977669883,
,,,,,,DG(16:0/18:3),-0.045100545,0.375637837,0.744685536,,,,,,,,,MGDG(16:0/18:3),-0.05901164,0.3793848,0.680677531,,,PE(18:2/18:3),-0.035072163,0.53974414,0.982319329,,,DG(16:0/2:0),-0.023496742,0.681258664,0.988723152,,,TG(18:0/18:0/20:1),-0.0151604,0.770717967,0.997352105,,,TG(16:0/18:3/18:3),-0.039476881,0.44777119,0.88280829,,,TG(12:0/18:1/18:1),-0.023480166,0.651696108,0.980128404,,,LPC(18:3),-0.028387215,0.619705374,0.977669883,
,,,,,,PE(18:0/18:2),0.043276502,0.395271612,0.770098142,,,,,,,,,PE(18:2/18:3),-0.058319743,0.385007807,0.680677531,,,TG(16:1/16:1/22:5),-0.034943887,0.541228839,0.982319329,,,SQDG(18:1/18:3),-0.023467389,0.681635101,0.988723152,,,TG(14:0/14:0/16:0),-0.014840554,0.775424542,0.997352105,,,TG(14:0/14:0/16:0),0.038779981,0.455833828,0.88280829,,,.alpha.-Amyrin,-0.023033744,0.657894192,0.980128404,,,PC(18:0/20:2),0.028377174,0.619829258,0.977669883,
,,,,,,MG(16:1),-0.040263169,0.429029005,0.801108433,,,,,,,,,PC(16:0/20:5),-0.058233028,0.385716078,0.680677531,,,MGDG(18:3/18:3),-0.034941261,0.541259262,0.982319329,,,.alpha.-Amyrin,0.022534482,0.693639699,0.988723152,,,GalCer(d18:2/22:1),0.01427798,0.783722754,0.997352105,,,DG(18:2/18:2),-0.038508776,0.458993342,0.88280829,,,Panaxcerol B,0.022154849,0.670165077,0.980128404,,,MGDG(18:3/18:3),0.02761179,0.629304032,0.977669883,
,,,,,,PC(18:3/0:0),-0.039228773,0.440991064,0.801108433,,,,,,,,,DG(18:0/18:0),-0.057889672,0.388528325,0.680677531,,,PC(18:0/20:3),-0.034557965,0.545707811,0.982319329,,,"8(9)-Epoxy-5Z,11Z,14Z-eicosatrienoic acid, methyl ester",0.02173202,0.704027438,0.988723152,,,TG(18:1/20:3/22:0),0.01411194,0.786176658,0.997352105,,,DG(18:1/2:0),-0.03771968,0.468255358,0.88280829,,,TG(12:0/18:1/18:3),-0.021558475,0.678541929,0.980128404,,,TG(8:0/16:1/18:1),0.02657888,0.642187201,0.977669883,
,,,,,,DGDG(18:2/18:3),-0.039020589,0.443421379,0.801108433,,,,,,,,,TG(16:0/18:0/18:2),-0.056838469,0.39721497,0.68858188,,,AEG(o-16:3/16:0),-0.033094143,0.562861256,0.982319329,,,TG(16:0/18:1/20:1),0.02109391,0.712327186,0.988723152,,,PC(18:1/22:1),0.013157545,0.800321976,0.997352105,,,Antheraxanthin,-0.036878805,0.478237543,0.885915449,,,TG(10:0/10:0/10:0),0.020635947,0.69157801,0.980128404,,,TG(16:0/16:0/20:1),0.026143502,0.647650082,0.977669883,
,,,,,,Panaxcerol B,-0.035785904,0.482148359,0.844694025,,,,,,,,,PC(18:0/18:1),-0.056104452,0.40334895,0.690129988,,,PC(16:0/18:3),-0.03277648,0.566617612,0.982319329,,,.beta.-Amyrin,0.020796779,0.716203574,0.988723152,,,PC(16:0/22:5),0.012170558,0.815019224,0.997352105,,,PC(16:0/20:5),-0.034966023,0.501369685,0.903860609,,,PC(16:0/18:3),-0.020548554,0.692817747,0.980128404,,,SQDG(18:1/18:3),0.025545675,0.655182125,0.977669883,
,,,,,,"8(9)-Epoxy-5Z,11Z,14Z-eicosatrienoic acid, methyl ester",-0.035333262,0.48770998,0.847459321,,,,,,,,,SQDG(16:0/18:1),-0.05440692,0.417748875,0.690129988,,,MG(16:0),-0.032657402,0.568028786,0.982319329,,,MG(16:1),0.01986929,0.72835013,0.988723152,,,TG(14:0/14:0/18:0),-0.012039672,0.816973249,0.997352105,,,Cycloartenol acetate,-0.033965485,0.513700628,0.903860609,,,DG(16:0/18:0),0.019665592,0.705388784,0.980128404,,,DG(16:0/18:2),0.024346765,0.670392251,0.977669883,
,,,,,,"14(15)-Epoxy-5Z,8Z,11Z-eicosatrienoic acid, methyl ester",-0.035048503,0.49122642,0.847459321,,,,,,,,,PG(16:0/16:0),-0.054151584,0.419940584,0.690129988,,,TG(14:0/18:1/18:2),-0.032214961,0.573286673,0.982319329,,,PC(18:1/20:1),0.019293128,0.735930191,0.988723152,,,TG(16:0/18:1/20:1),0.012005679,0.817480915,0.997352105,,,SPB 18:0;2OH,-0.033114048,0.524316473,0.903860609,,,DG(18:0/18:2),-0.018435042,0.723042344,0.980128404,,,Phytosphingosine,0.023520062,0.680959666,0.977669883,
,,,,,,DG(16:0/2:0),0.034304707,0.500475037,0.852757413,,,,,,,,,Phytosphingosine,-0.053642334,0.424331778,0.690129988,,,PE(12:0/12:0),-0.03162899,0.580285397,0.982319329,,,SQDG(16:0/16:0),-0.019227649,0.736793284,0.988723152,,,PC(18:1/16:0),-0.011860115,0.819655729,0.997352105,,,SPHINGANINE,-0.033113804,0.524319524,0.903860609,,,TG(18:2/18:2/22:1),0.018264851,0.72549576,0.980128404,,,PC(18:0/18:1),0.021328712,0.70926916,0.977669883,
,,,,,,PC(18:1/24:0),0.033887196,0.505706533,0.852757413,,,,,,,,,TG(18:1/20:0/22:1),-0.052604396,0.433363876,0.690129988,,,Cycloartenol acetate,0.031198369,0.585453915,0.982319329,,,PE(18:3/18:3),-0.019024748,0.73946985,0.988723152,,,PE(16:0/0:0),0.009964201,0.84810213,0.997352105,,,MG(18:1),-0.032632309,0.530372075,0.903860609,,,TG(14:0/14:0/18:0),0.018042335,0.728707724,0.980128404,,,TG(18:0/18:2/18:2),0.020478296,0.720366608,0.977669883,
,,,,,,PC(18:1/20:4),-0.033723239,0.507768752,0.852757413,,,,,,,,,DG(18:1/18:3),-0.052559999,0.433752667,0.690129988,,,PC(18:1/20:1),-0.030169999,0.597882146,0.982319329,,,TG(16:0/18:3/18:3),-0.018972311,0.740162072,0.988723152,,,LPE(16:0),0.009964113,0.848103462,0.997352105,,,TG(10:0/16:0/16:0),0.032346859,0.533976873,0.903860609,,,MGDG(16:0/18:3),0.018028909,0.728901669,0.980128404,,,TG(18:2/20:3/21:0),-0.020324431,0.72238081,0.977669883,
,,,,,,"9,12,13,TriHODE",-0.033594548,0.50939049,0.852757413,,,,,,,,,LPE(16:0),-0.051880681,0.439726436,0.690129988,,,TG(16:0/18:1/18:3),-0.029445409,0.606710056,0.982319329,,,LPE(16:0),0.018598294,0.745105614,0.988723152,,,.beta.-Cryptoxanthin,-0.009679364,0.852393883,0.997352105,,,GalCer(d18:2/22:1),-0.032188921,0.535976671,0.903860609,,,Cer(d18:2/20:1),-0.017878359,0.731077709,0.980128404,,,TG(18:1/18:3/22:0),0.019755854,0.729840443,0.977669883,
,,,,,,Phytosphingosine,-0.031855547,0.531566996,0.855403296,,,,,,,,,FA(22:1),-0.051215427,0.445621715,0.694555225,,,Ubiquinone 9,-0.029370894,0.607621182,0.982319329,,,TG(18:1/18:2/18:3),-0.018267572,0.74948562,0.988723152,,,MG(20:4),-0.009561704,0.854167989,0.997352105,,,.gamma.-Linolenoyl ethanolamide,-0.031280638,0.547549713,0.903860609,,,LPE(16:0),-0.017481928,0.736817968,0.980128404,,,TG(16:1/20:1/22:1),-0.018987401,0.739962846,0.977669883,
,,,,,,PE(14:0/22:6),0.031440633,0.536929273,0.855403296,,,,,,,,,TG(16:0/18:2/18:3),-0.050343496,0.453415804,0.696489332,,,DG(18:3/18:3),-0.028776421,0.614911621,0.982319329,,,MG(18:2),-0.018199863,0.750383351,0.988723152,,,alpha-Tocopherol,-0.009524232,0.854733147,0.997352105,,,PE(12:0/12:0),-0.030757118,0.554275689,0.903860609,,,PE(16:0/0:0),-0.017481374,0.736825992,0.980128404,,,DG(18:2/18:2),0.01735009,0.761678326,0.977669883,
,,,,,,PS(18:0/18:2),-0.030298833,0.551824195,0.855403296,,,,,,,,,TG(16:0/16:0/18:1),-0.050286024,0.453932211,0.696489332,,,Ubidecarenone,-0.028078626,0.623517673,0.982319329,,,TG(16:1/16:1/22:5),-0.016894743,0.767751705,0.988723152,,,TG(16:0/18:1/18:1),0.00937336,0.857009414,0.997352105,,,Panaxcerol B,-0.03049394,0.55767204,0.903860609,,,PE(18:0/18:2),0.017272498,0.739856412,0.980128404,,,TG(12:0/14:0/18:3),-0.016947454,0.767047918,0.977669883,
,,,,,,TG(16:0/18:0/18:2),-0.030298682,0.551826189,0.855403296,,,,,,,,,TG(16:0/18:1/18:3),-0.05004427,0.456108058,0.696489332,,,PC(22:0/0:0),-0.027975294,0.624796481,0.982319329,,,GalCer(d18:2/22:1),-0.0167477,0.769716014,0.988723152,,,AEG(o-18:3/16:1),0.00890611,0.864066402,0.997352105,,,TG(10:0/12:0/16:0),0.030320892,0.559910725,0.903860609,,,PE(18:2/18:2),0.016725832,0.747806518,0.980128404,,,Panaxcerol B,-0.016661982,0.770861781,0.977669883,
,,,,,,TG(12:0/18:1/18:1),0.029179955,0.566613538,0.855403296,,,,,,,,,Antheraxanthin,-0.047977285,0.47494744,0.703804732,,,SQDG(16:0/14:0),0.027946807,0.625149225,0.982319329,,,SQDG(16:0/14:0),0.016491206,0.773145953,0.988723152,,,PC(16:0/18:1),-0.008373748,0.872119952,0.997352105,,,PC(18:0/20:3),-0.029420393,0.57162984,0.90554902,,,TG(16:0/18:1/18:1),-0.016415049,0.752338198,0.980128404,,,TG(12:0/18:2/18:3),-0.01610762,0.778283651,0.977669883,
,,,,,,PC(22:1/22:1),0.02806924,0.58147969,0.855403296,,,,,,,,,PC(14:0/22:5),0.047806347,0.476524212,0.703804732,,,PG(16:0/16:0),-0.027786138,0.627140336,0.982319329,,,AEG(o-16:2/18:2),-0.016473798,0.773378911,0.988723152,,,TG(14:0/18:3/18:3),0.007935388,0.87876141,0.997352105,,,.beta.-Amyrin,-0.028904559,0.578394843,0.90554902,,,TG(16:0/18:1/20:1),0.015172618,0.770538335,0.980128404,,,TG(18:2/18:2/22:1),-0.015510576,0.786299506,0.977669883,
,,,,,,Ubidecarenone,-0.027497366,0.589204028,0.855403296,,,,,,,,,PE(16:0/18:2),-0.04768187,0.477674206,0.703804732,,,TG(18:2/18:2/20:2),-0.02726367,0.633633755,0.982319329,,,MGDG(18:2/18:3),0.01610975,0.778255099,0.988723152,,,Apocarotenal,-0.007650789,0.883077862,0.997352105,,,TG(18:1/18:1/20:3),0.027826711,0.592650174,0.90554902,,,PC(18:0/18:2),-0.014993776,0.773168825,0.980128404,,,PC(16:1/18:2),0.015344004,0.788539954,0.977669883,
,,,,,,Antheraxanthin,-0.025313526,0.619125908,0.855403296,,,,,,,,,.beta.-Cryptoxanthin,-0.045928914,0.49402806,0.708926297,,,Cer(d18:2/20:1),0.025335446,0.657839177,0.982319329,,,DGDG(18:0/18:2),-0.015444321,0.787190454,0.988723152,,,Cer(d18:2/20:1),-0.007335802,0.88785923,0.997352105,,,MG(12:0),-0.027807944,0.592899786,0.90554902,,,PC(18:0/20:4),-0.014431447,0.781456571,0.980128404,,,DG(18:3/18:3),0.015242516,0.789905862,0.977669883,
,,,,,,TG(14:0/18:3/18:3),0.025305856,0.619232164,0.855403296,,,,,,,,,TG(18:3/18:3/18:3),-0.04591162,0.494190874,0.708926297,,,AEG(o-18:3/16:1),-0.024893783,0.663435275,0.982319329,,,AEG(o-16:3/16:0),-0.014613859,0.798380968,0.988723152,,,DG(18:1/18:2),-0.006899043,0.894495751,0.997352105,,,DG(16:0/18:1),-0.027688279,0.594492598,0.90554902,,,DG(16:0/18:1),0.014402897,0.781878023,0.980128404,,,DG(18:0/18:0),-0.014928586,0.794135015,0.977669883,
,,,,,,TG(18:0/18:2/20:1),-0.024972357,0.623859507,0.855403296,,,,,,,,,PE(16:0/18:0),-0.045237655,0.500557874,0.708926297,,,TG(16:0/18:1/20:0),-0.023410098,0.682370053,0.982319329,,,SQDG(16:0/18:0),0.014548089,0.799269016,0.988723152,,,PC(16:0/18:2),0.00670579,0.897434586,0.997352105,,,TG(18:2/18:2/20:2),-0.026732877,0.607278774,0.90554902,,,PE(18:0/18:1),-0.014257648,0.784023117,0.980128404,,,PC(18:1/16:0),-0.014469168,0.800334973,0.977669883,
,,,,,,TG(18:1/18:1/20:3),-0.024586468,0.629232291,0.855403296,,,,,,,,,Zeaxanthin,0.044641671,0.506223968,0.708926297,,,PC(18:0/18:3),-0.022960403,0.688149261,0.982319329,,,SQDG(16:0/18:2),0.014486574,0.80009985,0.988723152,,,TG(16:0/16:0/18:1),0.005778116,0.911560725,0.997352105,,,PG(18:0/16:0),-0.026408582,0.611646442,0.90554902,,,PC(16:0/20:4),0.014164442,0.785400498,0.980128404,,,TG(16:0/18:1/20:1),0.014197911,0.804001569,0.977669883,
,,,,,,.gamma.-Linolenoyl ethanolamide,-0.02320478,0.648628891,0.855403296,,,,,,,,,TG(16:1/20:1/20:2),-0.044500141,0.507574419,0.708926297,,,DGDG(16:0/18:2),0.021206825,0.710856016,0.982319329,,,TG(16:0/16:0/18:2),-0.014326637,0.802261029,0.988723152,,,PC(18:1/18:2),0.0057349,0.91221952,0.997352105,,,.alpha.-Amyrin,-0.026335814,0.612628405,0.90554902,,,TG(18:2/20:3/22:0),0.013278984,0.798518367,0.980128404,,,DG(18:1/18:3),0.014013279,0.806499707,0.977669883,
,,,,,,TG(16:0/18:3/18:3),0.022912039,0.652769742,0.855403296,,,,,,,,,SQDG(18:2/18:3),-0.043604592,0.516162923,0.715661476,,,PE(18:0/18:1),0.020609536,0.718650098,0.982319329,,,SQDG(16:1/18:3),0.014325597,0.802275085,0.988723152,,,trans-EKODE-(E)-Ib,0.005117017,0.921644886,0.997352105,,,TG(16:0/18:1/18:1),0.025779403,0.62015961,0.90554902,,,TG(18:1/20:3/22:0),0.012848477,0.804917003,0.980128404,,,PC(16:0/18:3),-0.01393508,0.80755837,0.977669883,
,,,,,,SQDG(18:3/18:3),-0.022308269,0.661343741,0.855403296,,,,,,,,,DGDG(16:0/18:1),-0.041938184,0.532341029,0.733591905,,,MG(18:0),-0.02025609,0.723276068,0.982319329,,,TG(16:0/18:1/20:0),-0.013218814,0.817271249,0.988723152,,,TG(18:1/18:3/22:0),0.00478928,0.926648831,0.997352105,,,DGDG(18:2/18:4),-0.025248935,0.627376812,0.90554902,,,TG(18:0/18:2/20:1),-0.012603255,0.808567613,0.980128404,,,SQDG(18:2/18:3),0.01389089,0.808156771,0.977669883,
,,,,,,TG(14:0/18:1/18:2),-0.021422366,0.674004478,0.855403296,,,,,,,,,TG(18:2/18:3/20:3),-0.041173103,0.539853198,0.739435289,,,Vitamin K1,-0.018651147,0.744406393,0.982319329,,,DGDG(18:2/18:3),-0.013097516,0.818918914,0.988723152,,,TG(12:0/14:0/18:1),-0.00445339,0.931780246,0.997352105,,,MGDG(18:2/18:3),-0.024900417,0.632137977,0.90554902,,,PC(14:0/20:4),0.012232985,0.814087639,0.980128404,,,PC(18:2/0:0),-0.012928162,0.821220691,0.977669883,
,,,,,,SQDG(16:1/18:3),-0.020464514,0.687797599,0.855403296,,,,,,,,,PE(12:0/12:0),-0.038845005,0.563031564,0.757411509,,,.beta.-Sitosterol,0.01802992,0.752638022,0.982319329,,,PC(16:0/20:3),-0.013036763,0.819744458,0.988723152,,,PE(18:1/18:2),-0.00365341,0.944012579,0.997352105,,,Vitamin K1,-0.024837908,0.632993534,0.90554902,,,DGDG(18:2/18:4),-0.012013011,0.817371404,0.980128404,,,CL(18:1),-0.012878006,0.821902677,0.977669883,
,,,,,,MG(18:0),0.020134983,0.69256718,0.855403296,,,,,,,,,DG(16:0/16:0),-0.037623388,0.575381686,0.75973877,,,Zeaxanthin,0.016931022,0.767267299,0.982319329,,,.gamma.-Linolenoyl ethanolamide,0.012410958,0.828259657,0.988723152,,,LPC(18:3),0.003512227,0.946172832,0.997352105,,,TG(18:0/18:2/18:2),-0.02471577,0.634666664,0.90554902,,,PC(14:0/22:5),-0.011778335,0.820878176,0.980128404,,,SM(d18:1/17:0),0.012794692,0.823035828,0.977669883,
,,,,,,TG(18:2/22:0/22:3),0.019922511,0.695648939,0.855403296,,,,,,,,,PE(16:0/18:3),-0.036830003,0.583470029,0.75973877,,,Lutein,0.016931007,0.767267502,0.982319329,,,SQDG(18:2/18:3),-0.01239299,0.828504448,0.988723152,,,.beta.-Amyrin,0.003413591,0.9476823,0.997352105,,,DGDG(16:0/18:1),0.02433641,0.639875199,0.90554902,,,PE(16:0/18:1),0.011556443,0.824197201,0.980128404,,,TG(14:0/18:2/18:3),0.011611481,0.83916714,0.977669883,
,,,,,,PE(16:0/20:5),0.018763249,0.712550308,0.855403296,,,,,,,,,SQDG(16:0/14:0),-0.036442423,0.587440346,0.75973877,,,DG(16:0/16:0),0.016558177,0.772249962,0.982319329,,,TG(16:0/18:0/18:2),-0.012364263,0.828895846,0.988723152,,,TG(16:0/16:0/20:1),0.003218225,0.95067261,0.997352105,,,TG(12:0/16:0/18:3),0.022820396,0.660864624,0.916290829,,,TG(18:1/18:3/22:0),0.011448147,0.825818217,0.980128404,,,TG(14:0/18:3/18:3),-0.011473415,0.841053981,0.977669883,
,,,,,,PC(16:0/22:5),-0.01824081,0.720213982,0.855403296,,,,,,,,,TG(18:2/20:2/22:2),-0.035430741,0.597861921,0.75973877,,,TG(18:2/18:3/20:3),-0.016446005,0.773750864,0.982319329,,,SM(d18:1/17:0),0.011935577,0.834741573,0.988723152,,,TG(18:0/18:2/20:1),-0.002976289,0.954376696,0.997352105,,,TG(12:0/18:2/18:3),-0.020328625,0.695941241,0.947209008,,,.gamma.-Linolenoyl ethanolamide,0.010891034,0.834168831,0.980128404,,,DGDG(16:0/18:3),0.011345021,0.842809475,0.977669883,
,,,,,,TG(16:0/18:1/20:1),-0.017805949,0.726614435,0.855403296,,,,,,,,,PC(18:1/22:1),-0.035381719,0.598369025,0.75973877,,,MG(12:0),0.015893025,0.781162136,0.982319329,,,PC(18:0/20:2),0.011831578,0.836161129,0.988723152,,,TG(12:0/12:0/18:1),-0.002264185,0.965284543,0.997352105,,,SQDG(16:1/18:3),-0.018330011,0.724556103,0.947209008,,,DG(16:0/16:0),0.009858532,0.849693763,0.980128404,,,Antheraxanthin,0.011166643,0.845249661,0.977669883,
,,,,,,TG(18:2/18:2/22:1),-0.017372447,0.733013862,0.855403296,,,,,,,,,Cer(24:1),-0.035310375,0.599107373,0.75973877,,,AEG(o-15:2/15:0),-0.014809516,0.795740676,0.982319329,,,DG(16:0/18:2),-0.011733927,0.837494525,0.988723152,,,PE(16:0/18:3),-0.001901316,0.970845512,0.997352105,,,PC(18:0/20:4),-0.017594036,0.735193161,0.947209008,,,DG(18:1/18:2),0.009131193,0.86066553,0.980128404,,,PS(18:0/18:2),0.011157581,0.845373661,0.977669883,
,,,,,,TG(18:3/18:3/18:3),0.017033127,0.738035907,0.855403296,,,,,,,,,MGDG(18:2/18:2),-0.031701481,0.636977851,0.783053976,,,PC(18:2/0:0),0.01467083,0.797611925,0.982319329,,,TG(18:2/22:0/22:3),0.011489203,0.840838182,0.988723152,,,TG(14:0/16:0/16:0),-0.000789747,0.987887919,0.997352105,,,MGDG(18:3/18:3),-0.017543555,0.73592465,0.947209008,,,PC(18:1/24:1),0.009025675,0.862259535,0.980128404,,,TG(18:1/20:1/22:1),-0.011034299,0.847061067,0.977669883,
,,,,,,PG(18:0/16:0),0.016669603,0.743428571,0.855403296,,,,,,,,,MG(18:1),-0.031649492,0.637530671,0.783053976,,,TG(16:0/16:0/16:0),-0.013944251,0.807434192,0.982319329,,,TG(18:1/18:3/22:0),0.011456515,0.841285005,0.988723152,,,SQDG(18:0/18:3),0.000447648,0.993134397,0.997352105,,,.beta.-Cryptoxanthin,0.017525827,0.736181593,0.947209008,,,MG(18:0),-0.008819449,0.865376481,0.980128404,,,TG(16:0/18:1/20:2),-0.010577432,0.853320373,0.977669883,
,,,,,,DG(16:1/18:3),-0.015797243,0.756420284,0.863388809,,,,,,,,,PC(16:0/18:3),-0.031263322,0.641643216,0.783118847,,,PE(16:0/0:0),0.0135913,0.812216587,0.982319329,,,PE(18:1/18:2),-0.011227759,0.844413433,0.988723152,,,,,,,,,DGDG(18:0/18:2),0.016409426,0.752420269,0.947209008,,,PC(18:1/20:4),-0.00875941,0.866284308,0.980128404,,,SQDG(16:0/14:0),-0.010423251,0.855434821,0.977669883,
,,,,,,TG(14:0/16:0/18:1),-0.013219859,0.795193785,0.898568977,,,,,,,,,PC(16:1/18:2),0.030994387,0.644513741,0.783118847,,,DG(18:1/18:2),0.013461484,0.813977332,0.982319329,,,gibberellic acid,0.010956197,0.848130424,0.988723152,,,,,,,,,TG(12:0/16:0/18:1),0.016081813,0.757206739,0.947209008,,,TG(16:1/20:1/22:1),-0.006666502,0.898032222,0.980128404,,,AEG(o-18:3/16:1),0.010243149,0.857906067,0.977669883,
,,,,,,TG(18:2/18:3/20:3),0.012397276,0.807680448,0.904240163,,,,,,,,,TG(18:2/22:0/22:3),-0.02702094,0.687519719,0.823181708,,,.alpha.-Ionone,-0.013412301,0.814644657,0.982319329,,,TG(16:0/18:1/18:3),0.010888787,0.849053627,0.988723152,,,,,,,,,PA(16:0/18:2),-0.016005383,0.758324737,0.947209008,,,PG(16:0/16:0),-0.006612336,0.898856267,0.980128404,,,PC(14:0/18:0),0.010148816,0.859200988,0.977669883,
,,,,,,TG(16:1/20:1/22:1),0.012362157,0.808214659,0.904240163,,,,,,,,,PC(18:1/14:0),-0.026939439,0.688413021,0.823181708,,,LPC(18:3),0.012352636,0.829054281,0.982319329,,,DGDG(16:0/18:2),0.010194028,0.858580304,0.988723152,,,,,,,,,TG(18:2/18:2/22:1),0.015734191,0.762295707,0.947209008,,,DG(18:1/18:3),-0.005977192,0.9085268,0.980128404,,,TG(16:1/18:1/18:1),0.009882944,0.862852697,0.977669883,
,,,,,,CL(18:1),-0.011188143,0.826122953,0.915214644,,,,,,,,,PC(16:0/22:6),-0.026043059,0.698266263,0.830569345,,,PC(18:3/0:0),0.012352352,0.829058143,0.982319329,,,.alpha.-Ionone,-0.009439152,0.868954567,0.988723152,,,,,,,,,PE(18:3/18:3),-0.015262532,0.769216844,0.947209008,,,TG(12:0/16:0/18:1),-0.005854277,0.910399875,0.980128404,,,TG(16:0/16:0/18:1),-0.009493586,0.868205702,0.977669883,
,,,,,,DGDG(16:0/18:1),0.01023612,0.840711938,0.922334456,,,,,,,,,TG(16:0/18:1/20:1),-0.025247228,0.707056838,0.836622227,,,MG(18:2),-0.012106724,0.832406639,0.982319329,,,TG(18:1/20:3/22:0),-0.009435482,0.869005061,0.988723152,,,,,,,,,TG(18:1/18:2/18:2),-0.014542288,0.779820982,0.947524419,,,CL(18:1),-0.005724542,0.91237742,0.980128404,,,SQDG(16:0/18:0),-0.008694655,0.879208228,0.977669883,
,,,,,,TG(18:2/20:3/22:0),0.008732846,0.863857853,0.928289316,,,,,,,,,TG(16:1/16:1/22:5),0.022897756,0.733231868,0.85860312,,,DGDG(18:0/18:3),-0.01178966,0.836733446,0.982319329,,,PC(18:2/0:0),-0.008995797,0.875058182,0.988723152,,,,,,,,,TG(14:0/14:0/18:0),0.013711014,0.79211061,0.95043816,,,DG(16:0/2:0),0.00524625,0.919672584,0.980128404,,,TG(16:0/18:0/18:2),-0.008629672,0.880104188,0.977669883,
,,,,,,PC(18:0/18:3),0.008132285,0.873138482,0.928289316,,,,,,,,,TG(18:2/18:2/18:4),-0.021995837,0.743364343,0.865981142,,,Antheraxanthin,-0.01178815,0.836754064,0.982319329,,,TG(18:2/18:3/20:3),0.008909277,0.87625017,0.988723152,,,,,,,,,SQDG(18:1/18:3),-0.013342144,0.79758074,0.95043816,,,TG(18:0/18:0/20:1),-0.004948517,0.9242172,0.980128404,,,PC(16:1/16:1),-0.008181433,0.886288486,0.977669883,
,,,,,,TG(12:0/16:0/18:3),0.0079848,0.875420322,0.928289316,,,,,,,,,DG(18:1/18:2),0.02027184,0.762854332,0.87961775,,,GalCer(d18:2/22:1),-0.011182492,0.845032785,0.982319329,,,TG(16:0/16:0/20:1),0.008681457,0.879390184,0.988723152,,,,,,,,,MGDG(16:0/18:1),-0.013243792,0.799040931,0.95043816,,,TG(14:0/18:1/18:3),-0.004851779,0.925694348,0.980128404,,,TG(16:0/16:0/18:2),0.008045201,0.888169455,0.977669883,
,,,,,,DGDG(16:0/18:2),-0.006117749,0.904389671,0.928289316,,,,,,,,,TG(16:0/18:1/18:2),-0.019761831,0.76864941,0.879631177,,,alpha-Tocopherol,0.010970617,0.847932964,0.982319329,,,DGDG(16:0/18:3),0.007880312,0.890446918,0.988723152,,,,,,,,,TG(16:0/18:1/20:0),0.012461432,0.810680811,0.959234887,,,LPC(16:0),-0.0044959,0.931130646,0.980128404,,,PC(14:0/18:2),0.007133635,0.900771097,0.977669883,
,,,,,,DG(16:0/16:0),-0.006008848,0.906083686,0.928289316,,,,,,,,,PC(18:0/20:3),-0.019586,0.770650323,0.879631177,,,DG(16:0/18:0),0.010716799,0.851409978,0.982319329,,,TG(18:2/18:2/18:4),0.007547854,0.895041573,0.988723152,,,,,,,,,TG(18:0/18:2/20:1),0.01186355,0.819604396,0.959744007,,,PE(16:0/20:4),0.004471624,0.931501598,0.980128404,,,TG(14:0/16:0/18:1),-0.006285427,0.912519331,0.977818505,
,,,,,,Cer(24:1),0.003997615,0.937438175,0.95138338,,,,,,,,,SQDG(18:1/18:3),-0.018761868,0.780048753,0.885884514,,,SQDG(16:0/16:0),0.01067652,0.85196202,0.982319329,,,TG(18:2/18:2/20:2),0.007163319,0.900360325,0.988723152,,,,,,,,,TG(16:0/18:1/22:1),0.01094894,0.833299995,0.964915562,,,GalCer(d18:2/22:1),-0.004411608,0.932418743,0.980128404,,,Ubiquinone 9,0.006145377,0.914461011,0.977818505,
,,,,,,TG(18:2/18:2/18:4),-0.003913344,0.938754397,0.95138338,,,,,,,,,PC(16:0/16:0),-0.017714129,0.792043296,0.892176853,,,TG(16:0/16:0/20:1),-0.010642607,0.852426861,0.982319329,,,alpha-Tocopherol,0.007017988,0.902371659,0.988723152,,,,,,,,,trans-EKODE-(E)-Ib,-0.010847459,0.834822786,0.964915562,,,AEG(o-16:2/18:2),-0.003906108,0.940147064,0.980128404,,,PC(18:1/24:1),-0.005785317,0.919455272,0.977818505,
,,,,,,,,,,,,,,,,,,TG(18:2/20:3/21:0),-0.016375229,0.807442141,0.903375861,,,DG(18:0/18:2),0.00980589,0.863911571,0.982319329,,,PC(16:0/16:0),-0.006500887,0.909533164,0.988723152,,,,,,,,,PC(16:1/18:2),-0.010713796,0.836829425,0.964915562,,,PC(18:2/20:0),0.003806909,0.941664344,0.980128404,,,PC(16:0/20:4),-0.005415921,0.924582315,0.977818505,
,,,,,,,,,,,,,,,,,,PE(18:1/18:2),0.01570123,0.815222413,0.907587514,,,TG(18:2/18:2/18:4),-0.009741813,0.8647923,0.982319329,,,PC(18:1/22:1),-0.006213963,0.91351005,0.988723152,,,,,,,,,TG(14:0/18:3/18:3),-0.009862301,0.849636984,0.974710449,,,TG(12:0/16:0/18:2),0.003428586,0.947452803,0.980128404,,,PC(16:0/20:3),0.005109543,0.928837073,0.977818505,
,,,,,,,,,,,,,,,,,,TG(18:1/18:2/18:3),0.013125129,0.845120264,0.936260684,,,DGDG(18:2/18:3),0.009192073,0.872355139,0.982319329,,,TG(18:1/18:2/18:2),-0.006112756,0.914913356,0.988723152,,,,,,,,,TG(16:1/20:1/22:1),-0.009353569,0.857308099,0.978543588,,,.beta.-Cryptoxanthin,0.003277162,0.949770444,0.980128404,,,TG(18:1/18:1/20:3),-0.004698233,0.934552199,0.977818505,
,,,,,,,,,,,,,,,,,,MGDG(16:0/18:1),-0.012503237,0.852372901,0.93968915,,,"14(15)-Epoxy-5Z,8Z,11Z-eicosatrienoic acid, methyl ester",-0.008379445,0.883555666,0.982319329,,,SQDG(16:0/18:3),0.005761645,0.919783733,0.988723152,,,,,,,,,PE(16:0/18:0),0.008526001,0.869815296,0.98416168,,,TG(14:0/18:3/18:3),0.002953389,0.954727362,0.980765381,,,AEG(o-16:3/16:0),0.003797794,0.94707509,0.981830139,
,,,,,,,,,,,,,,,,,,PA(16:0/18:2),0.011428609,0.864934363,0.939784452,,,SM(d18:1/17:0),0.007218501,0.899596783,0.982319329,,,PC(18:1/18:2),0.005721761,0.920337169,0.988723152,,,,,,,,,MGDG(18:2/18:2),0.006353216,0.90279983,0.984414271,,,trans-EKODE-(E)-Ib,-0.002254675,0.96543027,0.98282541,,,MG(16:0),-0.003430185,0.952191547,0.982206656,
,,,,,,,,,,,,,,,,,,TG(18:2/18:2/20:2),-0.010708371,0.873372538,0.939915208,,,gamma-sitosterol,0.006511558,0.909385295,0.982319329,,,DG(16:0/18:3),-0.005233981,0.927108707,0.988723152,,,,,,,,,"14(15)-Epoxy-5Z,8Z,11Z-eicosatrienoic acid, methyl ester",0.006106313,0.906559691,0.984414271,,,GalCer(d18:2/18:1),-0.000806347,0.987633342,0.993980513,,,TG(16:1/20:1/20:2),0.002370472,0.966951092,0.986453682,
,,,,,,,,,,,,,,,,,,DG(12:0/12:0),-0.010210093,0.879218722,0.941722423,,,DGDG(18:0/18:2),-0.006510668,0.909397629,0.982319329,,,TG(18:0/18:2/18:2),0.004503958,0.937252841,0.988723152,,,,,,,,,PC(16:0/16:0),-0.005856539,0.91036541,0.984414271,,,MG(16:1),0.000526947,0.991918227,0.993980513,,,TG(18:1/20:3/22:0),0.001910655,0.973359164,0.986453682,
,,,,,,,,,,,,,,,,,,PC(18:1/24:0),-0.006307441,0.925209318,0.972545609,,,TG(18:1/18:3/22:0),0.006210286,0.913561041,0.982319329,,,DGDG(18:0/18:3),-0.003976558,0.944587795,0.988723152,,,,,,,,,DG(16:0/18:0),0.003616911,0.944571013,0.99316444,,,MGDG(18:2/18:3),-0.000392479,0.993980513,0.993980513,,,DG(16:0/18:3),0.001223371,0.982940311,0.991122202,
,,,,,,,,,,,,,,,,,,PE(18:0/18:1),0.005795847,0.931259965,0.974373852,,,PE(14:0/22:6),0.006098366,0.9151129,0.982319329,,,DG(18:0/18:0),-0.00327234,0.954389084,0.988723152,,,,,,,,,TG(16:0/18:1/20:2),-0.003568814,0.94530694,0.99316444,,,,,,,,,LPC(16:0),0.000951098,0.986736705,0.991122202,
,,,,,,,,,,,,,,,,,,TG(18:1/20:3/22:0),-0.003162564,0.962458849,0.989519773,,,PC(14:0/22:6),-0.005388722,0.924959943,0.982319329,,,TG(18:3/18:3/18:3),-0.002894661,0.959648536,0.988723152,,,,,,,,,beta-Carotene,-0.003510721,0.946195874,0.99316444,,,,,,,,,TG(18:2/20:3/22:0),0.00020878,0.99708839,0.99708839,
,,,,,,,,,,,,,,,,,,PC(18:1/16:0),0.002277864,0.972955898,0.990486635,,,SQDG(18:0/18:3),0.00490165,0.931725291,0.982319329,,,PC(18:0/18:3),0.002816438,0.960738074,0.988723152,,,,,,,,,alpha-Carotene,-0.003313181,0.94921911,0.99316444,,,,,,,,,,,,,
,,,,,,,,,,,,,,,,,,PE(18:2/18:2),-0.001761884,0.979080308,0.992251792,,,DG(12:0/12:0),-0.004891923,0.931860459,0.982319329,,,DGDG(16:0/18:1),-0.002257518,0.968525054,0.988723152,,,,,,,,,TG(16:1/20:1/20:2),0.002319895,0.964430929,0.998873934,,,,,,,,,,,,,
,,,,,,,,,,,,,,,,,,SPB 18:0;2OH,0.000489883,0.994182772,0.998601362,,,DGDG(16:0/18:3),-0.004512802,0.93712988,0.982319329,,,PE(12:0/12:0),0.001795727,0.9749611,0.988723152,,,,,,,,,DG(18:1/18:2),0.002292965,0.964843562,0.998873934,,,,,,,,,,,,,
,,,,,,,,,,,,,,,,,,SQDG(16:0/18:2),4.55E-05,0.999460222,0.999460222,,,DG(16:0/18:3),0.003277516,0.954317019,0.982319329,,,SQDG(18:3/18:3),-0.001180954,0.983531717,0.988723152,,,,,,,,,DGDG(18:2/18:3),-0.001198435,0.981620927,0.998873934,,,,,,,,,,,,,
,,,,,,,,,,,,,,,,,,,,,,,,DG(18:2/18:3),0.003123256,0.956464962,0.982319329,,,SQDG(18:0/18:3),0.000949762,0.986755336,0.988723152,,,,,,,,,TG(18:2/20:3/22:0),0.000702337,0.989228404,0.998873934,,,,,,,,,,,,,
,,,,,,,,,,,,,,,,,,,,,,,,Phytosphingosine,0.003016695,0.957948916,0.982319329,,,TG(16:1/18:1/18:1),0.000899517,0.987455953,0.988723152,,,,,,,,,,,,,,,,,,,,,,,,,
,,,,,,,,,,,,,,,,,,,,,,,,SQDG(16:1/18:3),-0.002880096,0.959851403,0.982319329,,,DG(18:0/18:2),0.000808642,0.988723152,0.988723152,,,,,,,,,,,,,,,,,,,,,,,,,
,,,,,,,,,,,,,,,,,,,,,,,,DG(16:0/2:0),0.002827312,0.9605866,0.982319329,,,,,,,,,,,,,,,,,,,,,,,,,,,,,,,
,,,,,,,,,,,,,,,,,,,,,,,,DGDG(18:2/18:4),0.000744637,0.989615671,0.996950802,,,,,,,,,,,,,,,,,,,,,,,,,,,,,,,
,,,,,,,,,,,,,,,,,,,,,,,,SQDG(18:3/18:3),-0.000218646,0.996950802,0.996950802,,,,,,,,,,,,,,,,,,,,,,,,,,,,,,,