Plant Height RRA,,Flowering Time RRA,,Flowering Time RRA Sum Ratio,,Plant Height,,Stem Diameter,,Beta Carotein,,Lutein,,Zeaxanthin,,Grain Number Per Primary Panicle,,Thousand Grain Weight,,Grain Yield Per Primary Panicle,
Feature,MeanAbs,Feature,MeanAbs,Feature,MeanAbs,Feature,MeanAbs,Feature,MeanAbs,Feature,MeanAbs,Feature,MeanAbs,Feature,MeanAbs,Feature,MeanAbs,Feature,MeanAbs,Feature,MeanAbs
TG(10:0/10:0/10:0),13.28976811,MG(20:4),0.110018619,Sum_LPC_Sum_SM,0.18461853,TG(10:0/10:0/10:0),5.88580006,TG(10:0/16:0/16:0),0.00857338,TG(12:0/16:0/18:2),0.00017835,Lutein,0.00229235,TG(14:0/14:0/18:0),0.00063495,MG(20:4),7.08485275,PC(18:1/20:4),0.01925983,.alpha.-Ionone,0.04495932
TG(10:0/12:0/16:0),6.476238514,TG(18:1/18:2/18:2),0.09522665,Sum_Cer_Sum_SM,0.176200016,TG(12:0/12:0/14:0),2.97472148,Phytosphingosine,0.008086329,TG(14:0/18:3/18:3),0.00015111,TG(12:0/18:1/18:1),0.00225956,TG(12:0/16:0/18:3),0.00058979,TG(16:0/18:1/22:0),5.39259604,alpha-Tocopherol,0.01721158,PE(16:0/0:0),0.04200588
TG(12:0/12:0/14:0),5.993332497,DG(16:0/18:0),0.091049313,Sum_PA,0.148009067,TG(10:0/12:0/16:0),2.88797381,LPC(18:3),0.008028542,Apocarotenal,0.00014735,Zeaxanthin,0.00197606,TG(14:0/18:3/18:3),0.0005701,TG(18:0/18:2/22:0),3.85688328,MG(18:2),0.01712832,TG(18:0/18:2/22:0),0.0413538
TG(12:0/12:0/16:1),3.193913187,PA(16:0/18:2),0.090330133,Sum_AEG_Sum_SM,0.144067057,TG(12:0/12:0/16:1),1.18323813,GalCer(d18:2/18:1),0.007523859,MG(20:4),0.00013773,TG(12:0/12:0/18:2),0.00195993,TG(14:0/18:1/18:2),0.00055355,TG(18:0/18:2/20:1),3.77846171,LPE(16:0),0.01693621,LPE(16:0),0.04091998
MG(20:4),2.727547391,TG(16:0/16:0/20:1),0.075736992,Sum_GalCer_Sum_SM,0.117787523,TG(10:0/12:0/14:0),0.94059259,LPC(16:0),0.00735811,beta-Carotene,0.00012543,PC(18:1/18:1),0.00195349,SQDG(18:3/18:3),0.00055262,TG(18:1/20:0/22:1),3.57435989,PC(14:0/18:2),0.01655221,MG(20:4),0.03945315
TG(10:0/12:0/14:0),1.652620029,TG(10:0/10:0/10:0),0.075237956,Sum_PE_Sum_SM,0.11187125,TG(12:0/12:0/18:2),0.58086011,SQDG(16:0/16:0),0.007318458,PC(18:1/24:0),0.00012526,TG(18:1/20:1/22:1),0.00190198,TG(16:0/18:1/20:2),0.00054788,PC(14:0/18:2),3.41379276,TG(14:0/18:1/18:2),0.01598531,PE(16:0/20:4),0.03933422
TG(12:0/12:0/18:1),0.996827624,TG(10:0/12:0/16:0),0.070610584,Sum_MGDG_Sum_SQDG,0.108410707,MG(20:4),0.57262002,PC(18:2/0:0),0.007203922,TG(12:0/18:2/18:3),0.00012476,TG(12:0/16:0/18:2),0.00181636,PC(18:1/20:1),0.00054325,.alpha.-Ionone,3.18374191,TG(18:2/18:2/18:4),0.01595252,DGDG(18:0/18:3),0.038646
MGDG(18:2/18:2),0.779367809,TG(16:0/18:2/18:3),0.069086716,Sum_PS_Sum_SM,0.095543206,TG(10:0/16:1/18:1),0.56210174,.beta.-Sitosterol,0.006841372,TG(12:0/18:1/18:1),0.00012307,TG(16:1/20:1/20:2),0.00177359,TG(18:2/18:2/18:4),0.00050488,PC(16:1/16:1),3.11018328,Apocarotenal,0.01536734,.beta.-Sitosterol,0.03753282
TG(12:0/12:0/12:0),0.764613763,AEG(o-18:4/16:1),0.067832069,Sum_DGDG_Sum_MGDG,0.094892744,TG(12:0/14:0/18:1),0.50686569,TG(12:0/14:0/18:3),0.00623069,TG(12:0/18:1/18:3),0.00012025,TG(12:0/18:1/18:3),0.00166128,Cycloartenol acetate,0.0004981,CL(18:1),3.10418086,PC(16:0/18:0),0.01513578,gibberellic acid,0.03585938
Apocarotenal,0.76424614,TG(14:0/18:1/18:2),0.066817521,Sum_DGDG_Sum_FA,0.091533186,TG(14:0/14:0/16:1),0.49334077,TG(12:0/18:1/18:3),0.006219771,trans-EKODE-(E)-Ib,0.00012023,PC(16:0/18:1),0.00162976,TG(14:0/14:0/16:0),0.00047806,DG(16:0/18:0),2.87786329,PE(16:0/0:0),0.01492188,beta-Carotene,0.03515315
Cer(24:1),0.598798048,TG(12:0/12:0/14:0),0.065990004,Sum_MG_Sum_PC,0.087874451,TG(12:0/12:0/12:0),0.47491831,PC(18:1/20:4),0.006203133,DGDG(18:0/18:3),0.0001195,Apocarotenal,0.00162059,PC(18:0/18:2),0.00047004,PS(18:0/18:2),2.85964688,TG(12:0/12:0/18:1),0.01406571,SQDG(16:1/18:3),0.03089897
TG(14:0/14:0/16:1),0.497286154,PC(16:0/16:0),0.064510861,Sum_TG,0.086499989,TG(16:0/16:0/18:1),0.46345816,DG(18:3/18:3),0.005942243,TG(8:0/16:1/18:1),0.00011824,TG(18:2/20:3/21:0),0.00161889,PE(18:0/18:1),0.00046189,DG(16:1/18:3),2.85444467,TG(16:0/16:0/18:2),0.01396521,DG(16:0/18:3),0.0303474
TG(18:1/20:1/22:1),0.495731111,PC(14:0/18:0),0.059469747,Sum_Cer_Sum_LPC,0.085798053,TG(18:1/18:3/22:0),0.4530045,TG(16:0/18:1/18:2),0.00575018,TG(12:0/14:0/18:1),0.00011742,Cer(24:1),0.00161246,GalCer(d18:2/22:1),0.00045407,TG(14:0/18:3/18:3),2.83903395,SQDG(16:0/14:0),0.01390712,TG(16:0/18:1/22:1),0.02992255
TG(12:0/12:0/18:2),0.463395426,TG(16:1/18:1/18:1),0.059023609,Sum_Cer_Sum_PG,0.081265736,PA(16:0/18:2),0.40929818,DG(16:1/18:3),0.005357481,DG(16:0/2:0),0.00011739,TG(18:2/18:2/22:1),0.00156627,TG(12:0/18:2/18:3),0.00045238,SQDG(16:0/14:0),2.73422207,TG(16:1/20:1/20:2),0.01338076,TG(16:0/16:0/18:1),0.02990217
PC(14:0/22:5),0.46209024,gamma-sitosterol,0.056936211,Sum_GalCer_Sum_LPC,0.076622487,MGDG(16:0/18:1),0.38262563,MG(18:2),0.005244325,MGDG(18:2/18:2),0.00011093,TG(12:0/14:0/16:0),0.001556,TG(14:0/18:2/18:3),0.00045041,SPB 18:0;2OH,2.55392236,DG(16:0/16:0),0.01333811,TG(14:0/16:0/18:1),0.02980539
TG(16:0/18:1/22:0),0.4388254,PC(14:0/14:0),0.056512248,Sum_PA_Sum_SM,0.074922183,PC(16:0/22:5),0.38132061,Oxo fatty acid (18:3),0.005230439,TG(12:0/14:0/18:3),0.00010983,TG(12:0/18:2/18:3),0.00155384,PC(14:0/14:0),0.00044488,PE(18:0/18:2),2.48270088,MG(18:0),0.01314369,PE(16:0/18:0),0.02766619
PC(18:1/22:1),0.4060198,TG(10:0/12:0/14:0),0.056001809,Sum_PA_Sum_PC,0.073626118,TG(8:0/16:1/18:1),0.37222253,PE(16:0/18:0),0.005223823,PC(18:0/18:1),0.00010666,PS(18:0/18:2),0.00154214,PA(16:0/18:2),0.00044194,MG(16:1),2.48041739,SQDG(18:1/18:3),0.01300541,TG(18:1/18:3/22:0),0.02751936
MG(18:0),0.403324453,TG(12:0/12:0/16:1),0.054874045,Sum_DG_Sum_PG,0.072936096,DGDG(16:0/18:1),0.36685707,beta-Carotene,0.005195095,TG(12:0/16:0/18:3),0.00010585,TG(12:0/12:0/12:0),0.00152783,PC(16:0/20:3),0.00043854,SPHINGANINE,2.38636243,Phytosphingosine,0.01283009,Ubiquinone 9,0.02734656
CL(18:1),0.368427165,TG(14:0/18:2/18:3),0.054820044,Sum_AEG_Sum_PG,0.070920507,SPB 18:0;2OH,0.36500977,TG(18:3/18:3/18:3),0.005081921,DGDG(18:2/18:3),0.0001042,TG(14:0/18:3/18:3),0.0015167,TG(18:3/18:3/18:3),0.00043768,TG(16:0/18:1/20:0),2.3347689,TG(14:0/16:0/16:0),0.01282912,DG(16:0/18:0),0.0270065
PC(18:1/18:2),0.365923782,PE(18:0/18:2),0.053066875,Sum_Cer,0.068892422,SPHINGANINE,0.33132448,SQDG(18:3/18:3),0.00507677,TG(12:0/12:0/18:2),0.0001042,alpha-Carotene,0.00149384,DG(18:0/18:0),0.00043602,PE(18:3/18:3),2.33151815,beta-Carotene,0.01280462,MGDG(16:0/18:1),0.02654306
TG(12:0/14:0/18:1),0.350968297,.alpha.-Ionone,0.0528262,Sum_AEG_Sum_PS,0.063013541,CL(18:1),0.33009458,TG(14:0/18:3/18:3),0.004929315,PC(18:1/20:4),0.00010369,.beta.-Cryptoxanthin,0.00147654,TG(12:0/12:0/16:1),0.00042631,TG(18:2/20:3/21:0),2.32443519,Ubidecarenone,0.01273298,TG(18:0/18:2/20:1),0.02623252
TG(10:0/16:1/18:1),0.347602193,PC(14:0/18:2),0.052151562,Sum_DGDG_Sum_LPC,0.062294534,gamma-sitosterol,0.31409321,trans-EKODE-(E)-Ib,0.004892286,PC(16:1/16:1),0.00010291,PC(14:0/20:4),0.001463,SQDG(18:1/18:3),0.00042048,TG(16:0/16:0/20:1),2.27645675,PC(14:0/14:0),0.01271974,PC(14:0/18:0),0.02588486
SQDG(16:0/18:2),0.334394013,gibberellic acid,0.051968595,Sum_DG_Sum_DGDG,0.060576853,MGDG(18:2/18:2),0.31104758,PC(18:2/20:0),0.004877075,PS(18:0/18:2),0.00010147,PE(16:0/18:2),0.00145496,DG(16:0/18:0),0.00041683,PC(18:1/24:1),2.24398401,TG(16:0/18:3/18:3),0.01270711,TG(12:0/16:0/18:1),0.02516199
PE(18:1/18:2),0.331614021,PE(18:1/18:2),0.051151988,Sum_FA_Sum_PC,0.059583283,TG(16:0/18:1/18:1),0.30875453,TG(8:0/16:1/18:1),0.004865322,PC(16:0/18:2),0.00010029,PC(16:1/16:1),0.00144442,TG(16:0/16:0/18:2),0.00041591,TG(18:1/18:2/18:2),2.21308891,PC(16:0/20:3),0.01256965,TG(16:0/18:1/22:0),0.02500493
TG(16:0/18:0/18:2),0.317437138,TG(18:0/18:2/18:2),0.050864902,Sum_MGDG_Sum_PC,0.059057784,TG(16:0/18:1/18:2),0.29809177,PG(16:0/18:1),0.004771082,DG(18:1/2:0),9.98E-05,PC(16:0/22:6),0.00139168,PC(22:0/0:0),0.00041209,TG(12:0/16:0/18:1),2.20992173,Zeaxanthin,0.01235284,TG(16:0/16:0/20:1),0.02467955
TG(18:1/20:0/22:1),0.307686678,TG(12:0/14:0/18:3),0.049976298,Sum_MGDG_Sum_PG,0.058465387,TG(16:1/18:1/18:1),0.29406741,PC(16:0/16:0),0.004766884,TG(12:0/12:0/16:1),9.97E-05,.gamma.-Linolenoyl ethanolamide,0.00137631,Ubiquinone 9,0.00040714,TG(18:0/18:0/20:1),2.1982579,DG(18:2/18:2),0.01228827,DG(16:0/18:2),0.02454637
PA(16:0/18:2),0.293639459,TG(16:0/16:0/18:2),0.048850092,Sum_Cer_Sum_PC,0.057566696,Cer(24:1),0.27774997,AEG(o-16:2/18:2),0.004715706,Ubidecarenone,9.96E-05,TG(12:0/14:0/18:3),0.00137067,MG(20:4),0.00040248,PG(18:0/16:0),2.1969382,CL(18:1),0.01216154,PC(22:0/0:0),0.02430935
SQDG(16:0/18:1),0.287676242,TG(16:0/18:1/18:3),0.048130708,Sum_AEG_Sum_GalCer,0.05704081,DG(16:1/18:3),0.26628154,PS(18:0/18:2),0.00469564,TG(16:1/20:1/22:1),9.95E-05,TG(16:1/20:1/22:1),0.00136975,TG(18:2/18:3/20:3),0.00040066,TG(16:0/18:1/22:1),2.15972049,PC(18:1/18:1),0.01210483,PE(18:2/18:2),0.02410681
gibberellic acid,0.281103731,Apocarotenal,0.047508411,Sum_MG_Sum_PG,0.056302343,TG(12:0/12:0/18:1),0.25736137,AEG(o-18:4/18:2),0.004694952,TG(12:0/12:0/18:1),9.86E-05,TG(12:0/12:0/14:0),0.00136282,PC(16:0/20:5),0.00039313,TG(18:2/20:2/22:2),2.14736647,TG(16:0/18:2/18:3),0.01173568,TG(16:0/18:1/18:1),0.02399736
.alpha.-Ionone,0.255179901,Cer(d18:2/20:1),0.047207232,Sum_AEG_Sum_LPE,0.051856314,TG(16:0/18:1/20:2),0.25465518,PC(18:0/20:3),0.004664135,PE(18:0/18:2),9.83E-05,TG(12:0/16:0/18:1),0.00133942,TG(18:2/20:3/21:0),0.00039204,TG(14:0/14:0/18:0),2.13770813,PC(18:2/0:0),0.01159264,Phytosphingosine,0.02392484
AEG(o-18:4/18:2),0.250047713,PC(18:2/20:0),0.045400914,Sum_DGDG_Sum_LPE,0.050998235,TG(18:0/18:2/22:0),0.25316865,AEG(o-16:2/16:0),0.004616408,alpha-Carotene,9.71E-05,.alpha.-Ionone,0.00133078,TG(16:1/20:1/20:2),0.0003842,PC(22:0/0:0),2.0376088,LPC(16:0),0.01152447,DG(16:0/2:0),0.02392221
gamma-sitosterol,0.247184638,TG(16:0/18:1/18:2),0.045063906,Sum_PG_Sum_SQDG,0.05092666,TG(18:1/18:2/18:2),0.23916316,DGDG(18:2/18:4),0.004555662,TG(18:2/20:3/22:0),9.65E-05,TG(18:0/18:2/18:2),0.00131459,PE(18:0/18:2),0.00038368,TG(12:0/18:1/18:1),2.03546227,AEG(o-15:2/15:0),0.01147948,TG(18:2/20:3/21:0),0.02387805
SQDG(18:1/18:3),0.238064401,.beta.-Sitosterol,0.044757072,Sum_GalCer_Sum_PS,0.050545354,TG(16:0/18:1/22:1),0.22886671,MG(20:4),0.004550495,PC(18:1/24:1),9.57E-05,DG(18:1/2:0),0.00131255,SQDG(18:2/18:3),0.00038249,SM(d18:1/17:0),2.03351841,TG(14:0/18:2/18:3),0.01140129,PC(14:0/20:4),0.02365599
TG(16:0/18:1/18:1),0.235297123,CL(18:1),0.04467662,Sum_PA_Sum_PG,0.050206407,TG(18:1/20:1/22:1),0.2284484,PE(16:0/0:0),0.004469537,AEG(o-18:4/16:1),9.49E-05,TG(8:0/16:1/18:1),0.0012801,DGDG(18:0/18:2),0.00037973,TG(14:0/16:0/18:1),2.03143294,gibberellic acid,0.01129087,Lutein,0.02345101
DG(16:0/2:0),0.223498894,TG(18:0/18:2/22:0),0.04381406,Sum_GalCer_Sum_PC,0.048048225,DGDG(16:0/18:2),0.22533464,TG(12:0/16:0/18:1),0.00443905,TG(16:1/20:1/20:2),9.28E-05,LPC(18:3),0.00127948,TG(18:1/20:3/22:0),0.0003706,gamma-sitosterol,2.00085666,DG(16:0/18:3),0.01128115,TG(16:0/18:1/20:0),0.02337698
PC(14:0/14:0),0.218412827,TG(16:0/18:1/18:1),0.043657868,Sum_DG_Sum_FA,0.048012324,Oxo fatty acid (18:3),0.22350915,DG(12:0/12:0),0.004301993,TG(14:0/14:0/16:1),9.20E-05,PC(14:0/18:3),0.00124692,SM(d18:1/17:0),0.00036922,PE(16:0/0:0),1.955832,TG(12:0/18:1/18:1),0.01127113,TG(18:1/18:2/18:2),0.02324482
PC(18:1/16:0),0.213734671,PC(16:1/16:1),0.043174143,Sum_PE,0.045532774,SQDG(16:0/18:2),0.22260756,PG(16:0/16:0),0.004276893,.beta.-Amyrin,9.11E-05,Cycloartenol acetate,0.00123548,SQDG(18:0/18:3),0.00036667,AEG(o-18:4/18:2),1.931718,TG(12:0/14:0/18:3),0.01101827,SQDG(16:0/18:2),0.02316942
DG(16:0/18:0),0.207691648,TG(12:0/12:0/12:0),0.0422923,Sum_MG_Sum_MGDG,0.04409979,DG(16:0/2:0),0.21077129,DGDG(18:0/18:3),0.004275007,TG(18:0/18:0/20:1),9.01E-05,SM(d18:1/17:0),0.00122932,DGDG(18:2/18:4),0.00035983,TG(16:1/16:1/22:5),1.91978259,DG(18:1/18:1),0.01098675,TG(18:1/20:0/22:1),0.02275926
PC(18:1/24:1),0.196714605,SPB 18:0;2OH,0.042146594,Sum_DGDG_Sum_PG,0.043425597,PE(16:0/18:0),0.1865704,SPHINGANINE,0.004218067,TG(10:0/10:0/10:0),8.89E-05,TG(14:0/14:0/16:1),0.00122904,PC(14:0/18:0),0.00035369,TG(14:0/14:0/16:0),1.87544066,TG(14:0/18:1/18:3),0.01098461,TG(16:1/18:1/18:1),0.02246182
PC(16:0/18:1),0.195417168,TG(16:0/16:0/18:1),0.041973464,Sum_DG_Sum_PC,0.042980495,PC(16:0/18:1),0.17655249,SM(d18:1/17:0),0.004198709,.gamma.-Linolenoyl ethanolamide,8.83E-05,PE(18:2/18:2),0.00122753,TG(16:0/18:0/18:2),0.00035078,PC(18:1/22:1),1.87334811,PE(18:2/18:3),0.01091129,DG(12:0/12:0),0.02216371
TG(8:0/16:1/18:1),0.193856261,TG(16:0/18:3/18:3),0.041918505,Sum_FA_Sum_LPC,0.042883369,SQDG(16:0/18:1),0.17278949,TG(12:0/12:0/12:0),0.004167135,SQDG(18:3/18:3),8.78E-05,PC(18:1/14:0),0.00121535,PE(16:0/20:4),0.00034715,TG(18:1/18:1/20:3),1.84348801,TG(16:0/18:1/20:1),0.01090548,PC(16:0/20:4),0.02192842
TG(16:0/16:0/20:1),0.186288578,TG(12:0/18:1/18:1),0.040884101,Sum_MGDG_Sum_PS,0.042550295,PC(14:0/14:0),0.15498637,SQDG(18:0/18:3),0.004125727,DG(16:0/16:0),8.76E-05,DGDG(16:0/18:2),0.0012137,TG(18:1/18:1/20:3),0.00034634,PE(18:0/18:1),1.83402572,TG(12:0/12:0/18:2),0.01088537,TG(18:2/20:2/22:2),0.02183625
TG(12:0/18:2/18:3),0.185971108,TG(14:0/16:0/18:1),0.040433142,Sum_DGDG_Sum_PS,0.042331144,TG(10:0/14:0/16:0),0.15141634,TG(18:0/18:2/20:1),0.004098969,SQDG(18:1/18:3),8.75E-05,TG(12:0/18:1/18:2),0.00120603,PG(16:0/16:0),0.00034483,Panaxcerol B,1.81657842,PC(22:1/22:1),0.01075937,PC(16:0/18:0),0.02166468
DGDG(18:0/18:2),0.173121688,TG(18:1/20:1/22:1),0.039992945,Sum_FA_Sum_SQDG,0.041622303,MG(18:2),0.14984041,TG(12:0/18:1/18:2),0.004064148,SQDG(18:0/18:3),8.68E-05,TG(16:0/18:1/18:1),0.00120556,TG(16:0/18:1/20:1),0.00034254,MGDG(16:0/18:1),1.8005956,SM(d18:1/17:0),0.01075669,MG(18:0),0.02152062
TG(16:0/16:0/18:1),0.171892241,PE(18:2/18:2),0.039729937,Sum_GalCer_Sum_MGDG,0.040959504,.beta.-Sitosterol,0.1490803,PC(14:0/22:6),0.004019902,DG(18:3/18:3),8.67E-05,DGDG(18:0/18:2),0.00120353,PC(16:0/18:1),0.0003421,PC(14:0/18:0),1.79696542,TG(16:0/18:1/18:2),0.01068105,PC(18:1/14:0),0.02147019
TG(16:0/18:1/20:2),0.170211025,TG(12:0/12:0/18:2),0.039401201,Sum_AEG_Sum_FA,0.040272098,TG(12:0/14:0/16:0),0.14890336,PE(18:2/18:2),0.003985395,PE(16:0/20:4),8.53E-05,GalCer(d18:2/22:1),0.00120158,AEG(o-18:3/16:1),0.0003379,TG(12:0/16:0/18:2),1.77361785,TG(12:0/16:0/18:3),0.01062226,PC(14:0/14:0),0.02133528
TG(18:1/18:3/22:0),0.167959303,TG(14:0/16:0/16:0),0.038912725,Sum_AEG_Sum_SQDG,0.039253761,PC(18:1/18:2),0.1486748,Ubidecarenone,0.003941119,DGDG(18:0/18:2),8.50E-05,Ubiquinone 9,0.00119755,DGDG(18:2/18:3),0.00033727,TG(16:0/18:1/18:1),1.75237483,PE(14:0/22:6),0.01054665,DG(18:2/18:3),0.02125406
.gamma.-Linolenoyl ethanolamide,0.166749159,PE(16:0/18:1),0.038772422,Sum_FA_Sum_TG,0.039101289,.gamma.-Linolenoyl ethanolamide,0.13967119,PC(16:0/18:1),0.003907177,.alpha.-Ionone,8.50E-05,PE(16:0/18:1),0.0011844,.alpha.-Ionone,0.00033421,TG(12:0/14:0/18:3),1.71984028,Cycloartenol acetate,0.01053869,PC(18:0/20:4),0.02122118
MG(12:0),0.165281695,DG(16:0/18:3),0.038712221,Sum_PS,0.03839884,PE(16:0/18:3),0.13681442,MGDG(18:2/18:2),0.003868388,TG(18:1/20:1/22:1),8.47E-05,TG(10:0/10:0/10:0),0.00117086,trans-EKODE-(E)-Ib,0.00033343,TG(18:1/20:3/22:0),1.7190435,TG(16:0/18:1/18:3),0.01041593,PC(18:1/24:0),0.02121039
TG(16:0/18:1/20:1),0.161161513,TG(12:0/18:1/18:2),0.038270656,Sum_LPE_Sum_MGDG,0.037939329,PC(18:1/16:0),0.13671493,DG(18:0/18:2),0.003857901,Lutein,8.40E-05,DG(16:0/18:0),0.00115543,AEG(o-15:2/15:0),0.00033206,Zeaxanthin,1.68131216,AEG(o-18:3/16:1),0.01039566,CL(18:1),0.02089313
DG(12:0/12:0),0.151525468,SQDG(16:0/18:3),0.037709391,Sum_PA_Sum_SQDG,0.037770081,TG(16:0/16:0/18:2),0.13484152,PC(22:0/0:0),0.003854472,TG(18:1/20:0/22:1),8.21E-05,TG(18:2/18:2/20:2),0.00115474,"14(15)-Epoxy-5Z,8Z,11Z-eicosatrienoic acid, methyl ester",0.00032776,PC(18:1/14:0),1.65773141,Lutein,0.01038999,MG(18:2),0.02089204
Panaxcerol B,0.151101014,MG(18:2),0.037602851,Sum_FA_Sum_MGDG,0.037678744,PC(16:1/18:2),0.1340936,TG(16:0/18:1/18:1),0.00378302,TG(12:0/14:0/16:0),8.18E-05,beta-Carotene,0.00115473,TG(16:1/16:1/22:5),0.00032451,TG(18:3/18:3/18:3),1.60526993,TG(18:1/20:0/22:1),0.01033889,SPHINGANINE,0.02077598
PC(18:0/20:2),0.149580065,Vitamin K1,0.037487158,Sum_AEG_Sum_PC,0.036971864,Apocarotenal,0.131898,PC(18:1/16:0),0.003764003,MGDG(16:0/18:1),8.16E-05,TG(18:2/18:3/20:3),0.00115124,PC(18:0/18:1),0.00032145,MGDG(18:2/18:3),1.52717,TG(8:0/16:1/18:1),0.01030574,TG(16:1/20:1/22:1),0.02062942
TG(18:2/20:3/21:0),0.148431138,TG(18:2/18:2/22:1),0.035969221,Sum_GalCer_Sum_PA,0.036789338,alpha-Tocopherol,0.12943612,TG(12:0/16:0/18:2),0.003753038,TG(12:0/18:1/18:2),8.15E-05,TG(18:1/18:3/22:0),0.00115097,PC(18:1/16:0),0.00031509,PC(16:0/16:0),1.48157152,DG(18:1/2:0),0.01027502,TG(18:1/20:3/22:0),0.02043492
MGDG(16:0/18:1),0.142904386,GalCer(d18:2/22:1),0.035891982,Sum_GalCer_Sum_SQDG,0.035841237,PC(18:1/22:1),0.12913646,SQDG(16:0/18:1),0.003714984,Panaxcerol B,8.07E-05,TG(12:0/12:0/18:1),0.00114789,DG(18:2/18:3),0.00031145,LPE(16:0),1.45428721,PC(16:1/16:1),0.01021983,TG(14:0/18:1/18:2),0.02017565
DGDG(18:0/18:3),0.141174244,PC(22:1/22:1),0.034776048,Sum_PA_Sum_PE,0.035757756,TG(16:0/16:0/20:1),0.12900415,PC(14:0/20:4),0.003697294,TG(10:0/12:0/14:0),8.05E-05,MG(18:3),0.00113815,TG(12:0/16:0/16:0),0.0003107,TG(12:0/16:0/16:0),1.44769915,DGDG(16:0/18:1),0.01019397,TG(14:0/14:0/16:1),0.02002817
PC(16:1/18:2),0.138953534,TG(10:0/16:0/16:0),0.034677616,Sum_Cer_Sum_LPE,0.035339839,Panaxcerol B,0.12864128,.gamma.-Linolenoyl ethanolamide,0.003688855,TG(18:2/18:2/22:1),8.04E-05,DG(16:0/16:0),0.00113613,alpha-Carotene,0.00030781,DG(18:0/18:0),1.44502509,TG(12:0/12:0/12:0),0.01015521,PE(16:0/18:1),0.0199958
TG(12:0/18:1/18:3),0.137434244,TG(18:2/20:3/21:0),0.034405458,Sum_LPE_Sum_PC,0.035162111,PE(14:0/22:6),0.12762965,TG(10:0/14:0/16:0),0.003685005,DGDG(16:0/18:2),8.00E-05,PC(18:1/20:1),0.00113554,SQDG(16:0/18:2),0.00030432,TG(16:0/18:1/18:2),1.43565551,TG(12:0/12:0/14:0),0.01012538,TG(12:0/12:0/18:1),0.01987807
DGDG(16:0/18:1),0.133815163,TG(8:0/16:1/18:1),0.033949039,Sum_PG_Sum_SM,0.034946342,trans-EKODE-(E)-Ib,0.12074399,TG(16:0/16:0/16:0),0.003683271,TG(10:0/14:0/16:0),7.99E-05,TG(16:0/16:0/20:1),0.00113454,TG(12:0/14:0/18:3),0.00030243,AEG(o-15:2/15:0),1.43095321,MG(16:1),0.0100527,DG(16:0/16:0),0.01986849
.beta.-Amyrin,0.132827313,TG(16:0/18:1/20:2),0.033867225,Sum_GalCer_Sum_LPE,0.034815149,AEG(o-15:2/15:0),0.1205217,PE(16:0/20:5),0.00366459,PC(18:0/20:2),7.93E-05,MG(20:4),0.00113239,DG(18:1/18:1),0.00030201,Ubiquinone 9,1.40218671,PC(16:0/20:5),0.00996112,GalCer(d18:2/18:1),0.01962919
TG(18:0/18:2/22:0),0.132137013,DGDG(18:2/18:4),0.03363263,Sum_PA_Sum_PS,0.034683271,PC(22:1/22:1),0.12022351,MG(18:1),0.003652459,TG(18:1/18:2/18:3),7.78E-05,DGDG(18:0/18:3),0.00112986,PC(16:1/16:1),0.00029479,TG(16:1/18:1/18:1),1.3983969,GalCer(d18:2/18:1),0.00995822,PC(18:1/24:1),0.01957499
PC(14:0/18:3),0.12919396,TG(10:0/14:0/16:0),0.033443877,Sum_FA_Sum_GalCer,0.033363151,DGDG(18:0/18:2),0.1158606,PE(14:0/22:6),0.003631792,DG(18:2/18:3),7.78E-05,PC(14:0/18:2),0.00111845,DGDG(16:0/18:3),0.00029381,SQDG(16:0/18:0),1.39595795,TG(18:1/18:2/18:2),0.00990359,TG(18:0/18:2/18:2),0.01953259
TG(18:1/18:2/18:2),0.125615976,PC(18:1/24:0),0.033009297,Sum_MG_Sum_SM,0.03269948,SQDG(18:1/18:3),0.11177931,TG(18:2/18:2/18:4),0.00362643,TG(18:1/18:3/22:0),7.73E-05,TG(18:1/18:1/20:3),0.00111491,PE(16:0/20:5),0.00029291,SQDG(16:1/18:3),1.38739603,TG(10:0/16:0/16:0),0.00985103,TG(8:0/16:1/18:1),0.01897121
SQDG(18:0/18:3),0.124458761,PS(18:0/20:4),0.032855994,Sum_SM_Sum_SQDG,0.032681547,TG(18:2/22:0/22:3),0.10883172,PC(18:3/0:0),0.003616718,PC(18:1/18:1),7.70E-05,PC(16:1/18:2),0.00111169,TG(10:0/16:0/16:0),0.00029189,.beta.-Sitosterol,1.35460495,TG(16:0/18:1/20:0),0.0096842,PS(18:0/20:4),0.01894854
PC(16:0/22:6),0.122984897,PC(18:0/18:1),0.032629195,Sum_MGDG,0.032270313,PC(22:0/0:0),0.1008626,TG(18:2/18:3/20:3),0.003614898,PC(14:0/18:2),7.70E-05,DGDG(18:2/18:4),0.00110931,TG(18:0/18:2/18:2),0.00029052,FA(22:1),1.34237598,TG(18:1/18:1/20:3),0.00962555,DG(18:0/18:2),0.01888925
TG(10:0/14:0/16:0),0.116989943,PE(16:0/20:4),0.032576913,Sum_LPC_Sum_MG,0.031521939,TG(14:0/16:0/18:1),0.10013103,PE(16:0/18:2),0.003587174,TG(12:0/16:0/18:1),7.67E-05,Ubidecarenone,0.0011084,DG(16:0/2:0),0.0002878,PE(18:1/18:2),1.33754167,TG(16:0/18:1/20:2),0.00953362,PC(16:0/16:0),0.01881221
PC(22:0/0:0),0.116849726,TG(14:0/14:0/16:1),0.032224133,Sum_FA_Sum_PS,0.030986975,DG(18:0/18:0),0.09971713,DG(16:0/18:3),0.003574657,PC(18:0/18:3),7.66E-05,PC(16:0/20:3),0.00110466,"8(9)-Epoxy-5Z,11Z,14Z-eicosatrienoic acid, methyl ester",0.00028759,.beta.-Cryptoxanthin,1.31420086,SQDG(16:0/18:0),0.0095171,FA(22:1),0.01877255
DG(18:1/18:2),0.116729901,MGDG(18:2/18:3),0.032052184,Sum_GalCer,0.030535777,TG(16:0/18:0/18:2),0.09883954,TG(16:0/18:1/20:1),0.003567549,DGDG(16:0/18:3),7.63E-05,DG(18:1/18:3),0.00110267,TG(12:0/18:1/18:2),0.00028526,"9,12,13,TriHODE",1.30511515,PC(16:0/18:3),0.00951335,TG(10:0/14:0/16:0),0.0187412
GalCer(d18:2/20:1),0.114309562,TG(12:0/18:1/18:3),0.031876908,Sum_LPC_Sum_LPE,0.030308747,PC(14:0/22:5),0.09606565,TG(16:0/18:0/18:2),0.003512595,DG(18:1/18:1),7.60E-05,PC(18:1/18:2),0.00109346,Cer(24:1),0.00028383,DG(16:0/2:0),1.30353591,TG(18:2/18:3/20:3),0.00937859,gamma-sitosterol,0.01873057
TG(16:0/16:0/18:2),0.112077156,PC(14:0/22:6),0.031402939,Sum_GalCer_Sum_MG,0.030199457,DG(16:0/18:0),0.09148,SQDG(16:0/18:3),0.003499033,PC(18:0/20:3),7.56E-05,PC(18:0/18:2),0.00109219,TG(12:0/18:1/18:1),0.00028364,AEG(o-16:2/16:0),1.27659133,Oxo fatty acid (18:3),0.00937377,DG(16:1/18:3),0.0185564
.alpha.-Amyrin,0.106858859,.alpha.-Amyrin,0.031324952,Sum_LPC_Sum_PA,0.030124102,DG(16:0/16:0),0.08722375,Ubiquinone 9,0.003429196,PC(22:1/22:1),7.54E-05,DG(18:3/18:3),0.00108377,PE(14:0/22:6),0.00028261,SQDG(16:0/18:2),1.27595247,PC(16:1/18:2),0.00931246,DG(18:3/18:3),0.01848375
DG(18:0/18:2),0.106270167,TG(18:2/18:3/20:3),0.031322044,Sum_DGDG_Sum_PC,0.029400319,TG(18:1/20:0/22:1),0.08673714,MGDG(18:3/18:3),0.003366418,PC(16:1/18:2),7.53E-05,PC(18:1/24:1),0.00107888,PC(18:1/18:2),0.00028118,TG(16:0/16:0/18:2),1.27516097,DG(16:0/18:0),0.00928056,TG(18:2/22:0/22:3),0.01845329
PC(22:1/22:1),0.103102575,TG(12:0/16:0/18:3),0.031155388,Sum_LPC_Sum_PS,0.028575827,PS(18:0/18:2),0.0860951,MGDG(18:2/18:3),0.003356292,TG(14:0/14:0/16:0),7.49E-05,PE(16:0/0:0),0.00107823,DGDG(16:0/18:2),0.00027777,TG(18:2/18:2/18:4),1.27191,PC(16:0/22:6),0.00922512,SQDG(18:3/18:3),0.01840159
MG(18:1),0.10271911,PC(14:0/18:3),0.031145786,Sum_MG_Sum_PS,0.028186711,PC(18:0/20:2),0.08472731,SQDG(18:1/18:3),0.003332206,AEG(o-18:4/18:2),7.46E-05,TG(12:0/14:0/18:1),0.00107559,TG(16:0/16:0/18:1),0.00027493,TG(12:0/16:0/18:3),1.26658696,PE(16:0/18:3),0.00915483,SQDG(16:0/16:0),0.01830455
AEG(o-15:2/15:0),0.10246185,TG(10:0/16:1/18:1),0.031028367,Sum_Cer_Sum_SQDG,0.027640615,DGDG(18:2/18:3),0.08222788,.beta.-Cryptoxanthin,0.003308673,PE(18:2/18:3),7.43E-05,DG(16:0/18:2),0.00106868,.gamma.-Linolenoyl ethanolamide,0.00027353,TG(18:2/18:2/20:2),1.2653228,Antheraxanthin,0.00914242,TG(12:0/14:0/18:1),0.01823772
FA(22:1),0.102329259,.gamma.-Linolenoyl ethanolamide,0.030680021,Sum_AEG,0.027163945,PC(16:0/18:3),0.08222671,TG(12:0/14:0/16:0),0.003301943,PE(16:0/18:2),7.39E-05,MGDG(18:2/18:3),0.00106814,DG(18:3/18:3),0.00027258,PC(18:1/18:2),1.25913272,PC(14:0/18:3),0.00911235,MG(16:0),0.0180415
TG(16:1/18:1/18:1),0.098980687,TG(18:3/18:3/18:3),0.030668823,Sum_FA_Sum_LPE,0.02681152,gibberellic acid,0.08163631,Antheraxanthin,0.003294462,Cer(d18:2/20:1),7.38E-05,AEG(o-16:2/16:0),0.00105748,SQDG(16:1/18:3),0.00027131,Apocarotenal,1.25482928,TG(14:0/14:0/16:0),0.00906139,GalCer(d18:2/20:1),0.01803554
SQDG(16:0/18:3),0.09842598,PG(16:0/16:0),0.029763224,Sum_Cer_Sum_MGDG,0.026374099,.beta.-Amyrin,0.0800519,TG(16:1/18:1/18:1),0.003293379,SQDG(16:0/16:0),7.35E-05,PC(16:0/18:0),0.0010483,SQDG(16:0/18:3),0.00026987,TG(14:0/16:0/16:0),1.23093026,TG(18:1/20:1/22:1),0.00901524,SPB 18:0;2OH,0.0179345
MGDG(18:2/18:3),0.09823466,TG(12:0/14:0/16:0),0.029306958,Sum_AEG_Sum_TG,0.025798103,DG(16:0/18:1),0.07837629,DGDG(16:0/18:3),0.00325332,TG(16:0/18:0/18:2),7.31E-05,PC(18:0/20:2),0.00103739,TG(16:0/18:1/18:2),0.00026881,TG(18:2/18:3/20:3),1.22388029,PC(16:0/18:2),0.009012,SQDG(18:0/18:3),0.01792364
TG(16:0/18:3/18:3),0.097394251,TG(18:1/18:3/22:0),0.02886886,Sum_LPC_Sum_PC,0.02531412,PG(16:0/18:1),0.07653124,DG(16:0/18:1),0.003249184,TG(18:0/18:2/20:1),7.29E-05,TG(16:1/18:1/18:1),0.00103536,TG(18:2/20:3/22:0),0.00026516,(-)-Caryophyllene oxide,1.2061219,LPC(18:3),0.00895814,Panaxcerol B,0.01790018
DG(16:0/16:0),0.094421024,TG(18:2/18:2/18:4),0.028722689,Sum_LPC_Sum_TG,0.025017453,GalCer(d18:2/20:1),0.07436711,TG(12:0/16:0/18:3),0.003245548,PC(18:2/20:0),7.27E-05,SQDG(18:2/18:3),0.00103384,TG(12:0/12:0/18:1),0.00026399,PC(18:2/0:0),1.19364043,TG(16:1/18:1/18:1),0.00895779,PC(16:0/20:3),0.01785082
SQDG(16:1/18:3),0.093176687,"8(9)-Epoxy-5Z,11Z,14Z-eicosatrienoic acid, methyl ester",0.02863551,Sum_PE_Sum_PG,0.025004351,TG(18:2/20:2/22:2),0.07198879,TG(12:0/16:0/16:0),0.00323392,MG(18:1),7.27E-05,PC(14:0/22:6),0.00103313,DG(16:0/18:3),0.00026025,TG(18:1/18:3/22:0),1.18354974,TG(12:0/18:1/18:3),0.00889511,TG(12:0/18:1/18:3),0.01770032
TG(14:0/16:0/18:1),0.09240215,TG(18:2/20:2/22:2),0.028561957,Sum_DG_Sum_MGDG,0.024889199,PE(18:1/18:2),0.07116854,PC(16:0/20:3),0.00317237,LPC(18:3),7.22E-05,MGDG(16:0/18:3),0.00102849,DG(18:1/18:2),0.00025924,TG(14:0/18:1/18:3),1.17760222,PS(18:0/20:4),0.00887224,TG(18:1/20:1/22:1),0.0175396
PE(14:0/22:6),0.091621607,PE(14:0/22:6),0.028561152,Sum_DG_Sum_LPE,0.02457947,PC(18:1/20:4),0.07006396,TG(12:0/18:2/18:3),0.003159499,TG(16:0/18:1/20:2),7.19E-05,DG(18:1/18:2),0.0010263,PC(18:1/24:0),0.0002587,PC(18:1/24:0),1.1726133,DG(16:0/18:1),0.0088704,SQDG(16:0/14:0),0.01752714
SQDG(16:0/18:0),0.090795666,PC(18:1/14:0),0.028239518,Sum_AEG_Sum_PE,0.024303744,PC(14:0/18:2),0.07005043,PC(16:0/18:0),0.003150674,PC(16:0/20:4),7.18E-05,SQDG(16:0/16:0),0.00101909,MGDG(16:0/18:3),0.00025841,Cycloartenol acetate,1.1642637,.alpha.-Ionone,0.0088656,PE(18:3/18:3),0.01733278
PC(18:1/20:1),0.090140704,TG(12:0/14:0/18:1),0.028205025,Sum_DG_Sum_LPC,0.023818196,TG(18:0/18:2/18:2),0.06829105,TG(10:0/16:1/18:1),0.003137651,.beta.-Cryptoxanthin,7.17E-05,TG(10:0/12:0/16:0),0.00099681,TG(16:0/16:0/20:1),0.00025713,TG(16:1/20:1/22:1),1.16092829,DGDG(18:0/18:2),0.00884281,PC(16:1/16:1),0.0172527
TG(14:0/18:3/18:3),0.089970485,TG(18:0/18:2/20:1),0.027858424,Sum_MGDG_Sum_PE,0.023653015,TG(18:0/18:0/20:1),0.06543694,PC(18:0/20:4),0.003136758,Ubiquinone 9,7.17E-05,(-)-Caryophyllene oxide,0.00099569,TG(16:0/16:0/16:0),0.0002568,PC(18:0/20:3),1.1493145,PE(18:2/18:2),0.0086132,AEG(o-16:2/18:2),0.01723752
Oxo fatty acid (18:3),0.088565534,SPHINGANINE,0.027211519,Sum_PG_Sum_PS,0.023596273,PC(14:0/18:3),0.06513534,DGDG(16:0/18:2),0.003123526,.alpha.-Amyrin,7.12E-05,TG(18:1/20:3/22:0),0.00099402,Ubidecarenone,0.00025566,PE(16:0/20:4),1.14144558,PC(18:1/24:0),0.00859873,TG(12:0/16:0/16:0),0.01716955
DG(18:1/18:1),0.087916092,PE(16:0/18:2),0.026973189,Sum_PC_Sum_PE,0.023493238,MG(18:0),0.06434326,PC(18:1/24:1),0.003120501,TG(10:0/16:0/16:0),7.05E-05,SQDG(16:0/18:3),0.00099181,DG(12:0/12:0),0.00025216,PC(16:0/22:6),1.13949209,TG(14:0/14:0/18:0),0.00859335,PC(18:2/20:0),0.0171687
(-)-Caryophyllene oxide,0.083337331,Cer(24:1),0.02686579,Sum_MGDG_Sum_SM,0.023324467,TG(14:0/18:3/18:3),0.0642429,PC(18:1/22:1),0.003098718,TG(10:0/12:0/16:0),7.00E-05,AEG(o-16:3/16:0),0.00098194,PE(16:0/18:2),0.00025178,PG(16:0/18:1),1.13802414,.beta.-Sitosterol,0.00859313,SQDG(18:1/18:3),0.01715805
DG(18:0/18:0),0.082660511,DG(18:2/18:3),0.026769188,Sum_DG_Sum_PS,0.022781396,.alpha.-Amyrin,0.06413926,SQDG(16:0/14:0),0.003093925,TG(12:0/12:0/14:0),6.96E-05,LPE(16:0),0.0009818,TG(12:0/16:0/18:2),0.00025056,LPC(16:0),1.13765407,AEG(o-18:4/18:2),0.00857963,SQDG(16:0/18:1),0.01712104
PE(18:0/18:1),0.080419096,TG(14:0/14:0/16:0),0.026651415,Sum_LPC_Sum_PG,0.022240377,TG(12:0/18:2/18:3),0.06390552,DGDG(18:0/18:2),0.003085622,PC(14:0/22:5),6.93E-05,PC(14:0/14:0),0.00098087,alpha-Tocopherol,0.00024857,TG(14:0/18:2/18:3),1.12751367,Panaxcerol B,0.00855912,Cer(24:1),0.01701591
.beta.-Cryptoxanthin,0.080062518,LPC(16:0),0.026493117,Sum_AEG_Sum_MG,0.02206831,TG(16:0/18:1/22:0),0.0625436,TG(16:0/16:0/18:2),0.003056655,SQDG(16:0/18:0),6.92E-05,MGDG(18:2/18:2),0.00097991,PS(18:0/20:4),0.00024529,TG(12:0/14:0/18:1),1.12698595,PC(18:0/18:1),0.00845818,AEG(o-15:2/15:0),0.01701364
PC(18:0/18:1),0.07942951,Panaxcerol B,0.026241373,Sum_LPE_Sum_PS,0.021932718,DG(18:1/18:2),0.06217399,TG(12:0/12:0/16:1),0.003028557,SQDG(18:2/18:3),6.91E-05,PE(18:0/18:1),0.00097977,MGDG(18:3/18:3),0.00024431,Phytosphingosine,1.11816901,PC(18:0/20:2),0.00830359,MG(12:0),0.01700336
TG(18:2/20:2/22:2),0.079149677,PC(16:0/22:6),0.025972314,Sum_AEG_Sum_MGDG,0.021519236,SQDG(16:0/18:3),0.06194794,DG(18:1/18:3),0.003021003,PC(14:0/18:3),6.91E-05,TG(10:0/12:0/14:0),0.00097957,DG(16:0/16:0),0.00024321,PC(18:2/20:0),1.11411145,TG(12:0/16:0/18:1),0.00827512,SQDG(16:0/18:0),0.01697495
MG(18:2),0.075604304,DG(18:0/18:0),0.025850526,Sum_PE_Sum_SQDG,0.021503245,SM(d18:1/17:0),0.05967203,"9,12,13,TriHODE",0.003002767,MG(18:2),6.90E-05,PC(18:0/20:3),0.00097945,TG(12:0/18:1/18:3),0.00024317,TG(12:0/12:0/18:2),1.10581103,TG(18:0/18:2/22:0),0.00822378,AEG(o-18:4/18:2),0.01695951
PC(18:0/20:4),0.072726835,TG(12:0/12:0/18:1),0.025793079,Sum_PG,0.021295,PE(18:0/18:1),0.05880099,TG(16:1/16:1/22:5),0.00300022,PC(18:0/20:4),6.89E-05,PE(12:0/12:0),0.00097767,Apocarotenal,0.00024093,Lutein,1.09667704,TG(18:1/20:3/22:0),0.00820605,TG(12:0/12:0/14:0),0.01684719
PC(16:0/20:4),0.070933972,PC(18:3/0:0),0.025769088,Sum_DG_Sum_PE,0.020306088,TG(12:0/14:0/18:3),0.05835168,PE(18:1/18:2),0.002999907,TG(18:0/18:2/18:2),6.88E-05,AEG(o-18:3/16:1),0.00097489,TG(10:0/14:0/16:0),0.00023958,LPC(18:3),1.0751281,PC(18:1/24:1),0.00815615,GalCer(d18:2/22:1),0.01680892
PC(18:1/20:4),0.070721893,PC(16:0/18:3),0.02547935,Sum_AEG_Sum_DGDG,0.020158267,TG(18:2/20:3/21:0),0.05784977,TG(18:2/20:2/22:2),0.002995377,AEG(o-15:2/15:0),6.86E-05,TG(16:0/18:1/18:2),0.00097052,PC(16:0/18:2),0.00023889,TG(16:0/18:0/18:2),1.07107025,PC(16:0/18:1),0.00814329,TG(14:0/14:0/18:0),0.01655967
TG(16:0/18:1/18:2),0.069994414,trans-EKODE-(E)-Ib,0.025345866,Sum_GalCer_Sum_PG,0.019939666,PC(14:0/20:4),0.0570854,PE(18:3/18:3),0.002989765,PC(18:2/0:0),6.82E-05,DGDG(18:2/18:3),0.00096224,TG(16:1/20:1/22:1),0.00023875,TG(12:0/12:0/14:0),1.05344523,SPHINGANINE,0.00812281,TG(16:0/18:1/18:2),0.01654709
PC(16:0/18:3),0.068292286,TG(16:0/18:0/18:2),0.025313513,Sum_LPE_Sum_PE,0.019747956,PE(16:0/20:5),0.05706714,gibberellic acid,0.002972275,TG(14:0/18:2/18:3),6.77E-05,SQDG(18:1/18:3),0.00095886,PE(16:0/18:1),0.00023612,beta-Carotene,1.04910852,PC(14:0/20:4),0.00811377,PE(18:2/18:3),0.01647206
PE(18:0/18:2),0.066840677,PE(16:0/18:3),0.025167706,Sum_LPE_Sum_SQDG,0.019549892,TG(18:2/18:3/20:3),0.0556828,PC(18:1/18:1),0.002969962,Cycloartenol acetate,6.74E-05,PC(14:0/18:0),0.00095591,PC(18:2/0:0),0.00023575,PC(16:0/20:4),1.03801533,SQDG(18:0/18:3),0.008061,DG(18:1/2:0),0.01643064
TG(18:2/18:2/20:2),0.066540286,DG(16:0/16:0),0.025114621,Sum_DG_Sum_PA,0.019513039,MG(16:0),0.05400622,TG(12:0/12:0/14:0),0.002960407,"9,12,13,TriHODE",6.72E-05,TG(10:0/16:0/16:0),0.00095527,SPHINGANINE,0.0002347,PE(18:2/18:2),1.03222315,TG(16:1/16:1/22:5),0.00805261,PG(18:0/16:0),0.01642672
SQDG(18:2/18:3),0.066394077,TG(12:0/16:0/16:0),0.024941167,Sum_SQDG,0.019447368,AEG(o-16:2/16:0),0.05229288,DG(18:0/18:0),0.002942058,GalCer(d18:2/22:1),6.71E-05,gibberellic acid,0.00094593,SPB 18:0;2OH,0.00023307,MG(16:0),1.01825721,PC(18:0/18:3),0.0080197,TG(12:0/14:0/18:3),0.01637144
PC(18:0/18:3),0.066109546,PC(18:2/0:0),0.0249266,Sum_MG,0.019438348,TG(10:0/16:0/16:0),0.05056593,TG(10:0/10:0/10:0),0.002932689,TG(12:0/12:0/12:0),6.69E-05,AEG(o-16:2/18:2),0.00094467,AEG(o-18:4/16:1),0.00023252,TG(8:0/16:1/18:1),1.00934295,MG(12:0),0.00801438,PE(18:0/18:1),0.01618085
PC(18:1/14:0),0.066081074,DG(18:1/2:0),0.024656212,Sum_SM,0.019413745,Ubidecarenone,0.05045395,TG(16:0/18:2/18:3),0.002932553,PC(14:0/22:6),6.64E-05,Panaxcerol B,0.00094348,AEG(o-16:3/16:0),0.00023183,Ubidecarenone,1.00616385,MG(18:1),0.00798042,Apocarotenal,0.01609241
TG(18:2/18:3/20:3),0.065671224,TG(18:1/20:3/22:0),0.024553912,Sum_MG_Sum_PE,0.019395087,PC(16:0/22:6),0.05023517,TG(18:0/18:2/18:2),0.002921198,gibberellic acid,6.63E-05,TG(16:0/18:2/18:3),0.00094299,TG(12:0/12:0/12:0),0.00022996,PC(18:1/16:0),0.98926536,TG(16:0/16:0/20:1),0.00797938,TG(10:0/12:0/14:0),0.01603997
TG(14:0/14:0/16:0),0.064546232,Antheraxanthin,0.02422506,Sum_LPC_Sum_SQDG,0.019233215,PC(18:1/20:1),0.0499692,LPE(16:0),0.002919233,MGDG(18:2/18:3),6.62E-05,MG(18:1),0.00093618,PC(14:0/18:2),0.00022888,TG(12:0/12:0/18:1),0.96764002,TG(18:2/18:2/22:1),0.00792658,PC(16:0/22:5),0.01598095
TG(18:1/18:2/18:3),0.062868724,AEG(o-18:3/16:1),0.024164708,Sum_MGDG_Sum_TG,0.019091538,TG(18:3/18:3/18:3),0.04830026,TG(12:0/14:0/18:1),0.002917578,TG(18:2/20:2/22:2),6.59E-05,Antheraxanthin,0.00093531,TG(10:0/12:0/16:0),0.00022885,PC(14:0/18:3),0.96374072,SPB 18:0;2OH,0.00789495,TG(12:0/14:0/16:0),0.01588646
PC(14:0/22:6),0.062713395,TG(18:0/18:0/20:1),0.024138628,Sum_DG_Sum_MG,0.018816095,PC(18:0/20:4),0.04757203,PC(16:0/22:5),0.002913301,PC(18:0/18:2),6.51E-05,TG(12:0/12:0/16:1),0.00092982,TG(18:1/20:0/22:1),0.00022875,TG(16:0/18:1/20:1),0.95892501,TG(18:2/20:3/22:0),0.00779511,Zeaxanthin,0.01584185
SPHINGANINE,0.061763538,MGDG(16:0/18:1),0.023790798,Sum_PS_Sum_SQDG,0.018695553,SQDG(16:1/18:3),0.04756552,alpha-Tocopherol,0.002911063,TG(16:0/18:1/22:0),6.37E-05,PC(18:1/24:0),0.00092961,PG(18:0/16:0),0.00022531,TG(12:0/18:1/18:2),0.95522354,PC(14:0/22:6),0.00778589,PC(18:0/18:1),0.01577983
TG(10:0/16:0/16:0),0.061687654,SQDG(16:0/18:0),0.023575914,Sum_LPE_Sum_MG,0.01865542,PC(16:1/16:1),0.04605205,(-)-Caryophyllene oxide,0.002889225,PC(16:0/18:3),6.36E-05,TG(12:0/16:0/18:3),0.00092956,TG(10:0/10:0/10:0),0.00022343,PC(18:0/18:1),0.95521912,TG(16:0/18:1/22:0),0.00773849,PE(14:0/22:6),0.01574881
.beta.-Sitosterol,0.060971795,TG(12:0/16:0/18:1),0.023484542,Sum_Cer_Sum_PA,0.018527393,TG(14:0/18:1/18:2),0.04600511,DG(18:1/18:1),0.002879861,PC(16:0/18:1),6.35E-05,PC(18:2/0:0),0.00092714,MG(16:1),0.00022212,Oxo fatty acid (18:3),0.94194195,PC(18:1/20:1),0.00773291,PC(18:1/18:1),0.01566193
DG(16:0/18:1),0.060517897,TG(18:2/22:0/22:3),0.023383862,Sum_FA_Sum_PE,0.018382234,PC(18:1/24:1),0.04581488,PC(14:0/18:0),0.00285434,AEG(o-16:3/16:0),6.34E-05,MGDG(16:0/18:1),0.00092411,TG(18:1/18:2/18:2),0.00021972,.gamma.-Linolenoyl ethanolamide,0.93675007,MG(20:4),0.00772988,TG(12:0/12:0/16:1),0.01565755
TG(12:0/14:0/16:0),0.060011921,TG(16:0/18:1/20:1),0.023347375,Sum_DGDG_Sum_GalCer,0.018204692,PC(18:0/18:3),0.04577734,PC(16:0/20:4),0.002836852,GalCer(d18:2/18:1),6.32E-05,TG(18:3/18:3/18:3),0.0009188,.alpha.-Amyrin,0.0002193,PA(16:0/18:2),0.93290734,FA(22:1),0.00772671,PA(16:0/18:2),0.01564042
PE(16:0/18:3),0.059716565,MGDG(16:0/18:3),0.023088326,Sum_DGDG_Sum_SQDG,0.017959531,MGDG(18:3/18:3),0.04544083,DGDG(18:2/18:3),0.002799906,SM(d18:1/17:0),6.30E-05,DG(18:0/18:0),0.00090627,PC(18:0/20:2),0.00021928,Antheraxanthin,0.93022403,TG(18:2/20:3/21:0),0.00771794,alpha-Tocopherol,0.01548448
LPC(18:3),0.058677511,DG(16:1/18:3),0.022849011,Sum_DGDG_Sum_SM,0.017802152,AEG(o-18:4/18:2),0.04531542,.alpha.-Ionone,0.002787439,Zeaxanthin,6.30E-05,PE(16:0/20:4),0.00090575,Zeaxanthin,0.00021852,Cer(d18:2/20:1),0.92738353,PE(16:0/20:5),0.00765351,TG(16:0/18:0/18:2),0.01536948
TG(18:3/18:3/18:3),0.058355203,TG(18:1/20:0/22:1),0.022613464,Sum_PC_Sum_PS,0.017640756,TG(18:2/18:2/18:4),0.04487412,PC(18:1/14:0),0.002774628,TG(14:0/14:0/18:0),6.30E-05,FA(22:1),0.0009045,DG(16:1/18:3),0.00021775,PC(16:0/20:5),0.90299224,MGDG(16:0/18:1),0.00757279,TG(12:0/18:1/18:2),0.01524983
Cycloartenol acetate,0.058216728,PE(16:0/18:0),0.022568693,Sum_DGDG_Sum_MG,0.017613725,MGDG(16:0/18:3),0.04429013,SPB 18:0;2OH,0.002769297,TG(18:2/20:3/21:0),6.27E-05,TG(18:2/18:2/18:4),0.00090344,MGDG(18:2/18:2),0.00021495,DG(18:0/18:2),0.90191208,TG(18:0/18:2/18:2),0.00749407,TG(16:0/18:3/18:3),0.01499002
PC(18:0/20:3),0.058092485,TG(14:0/14:0/18:0),0.022396367,Sum_MG_Sum_TG,0.017538852,PG(16:0/16:0),0.04423641,TG(18:2/18:2/20:2),0.002751108,PE(12:0/12:0),6.24E-05,CL(18:1),0.00089804,beta-Carotene,0.00021441,SQDG(16:0/18:1),0.89742902,alpha-Carotene,0.00735602,Oxo fatty acid (18:3),0.01481524
PC(18:2/0:0),0.057761774,PC(16:0/22:5),0.022385766,Sum_MG_Sum_PA,0.017448658,PG(18:0/16:0),0.0412636,TG(16:0/18:1/20:2),0.002729094,MGDG(18:3/18:3),6.22E-05,PC(16:0/18:3),0.0008913,.beta.-Cryptoxanthin,0.00021434,PC(18:0/20:2),0.88766192,TG(18:2/22:0/22:3),0.00734788,TG(18:2/18:3/20:3),0.01480941
PC(16:0/20:3),0.055644171,TG(16:1/16:1/22:5),0.022379446,Sum_LPE,0.01727859,TG(12:0/18:1/18:2),0.04028619,PC(18:0/18:2),0.002728856,AEG(o-16:2/18:2),6.21E-05,TG(14:0/18:2/18:3),0.00089007,MG(16:0),0.0002134,trans-EKODE-(E)-Ib,0.88389027,PC(16:0/22:5),0.00733725,TG(14:0/18:2/18:3),0.01479588
trans-EKODE-(E)-Ib,0.054921583,MG(18:3),0.022028982,Sum_FA_Sum_MG,0.017250897,Antheraxanthin,0.04007637,alpha-Carotene,0.002727412,PE(18:3/18:3),6.16E-05,PE(18:0/18:2),0.00088779,PC(14:0/22:5),0.00021072,GalCer(d18:2/18:1),0.8757344,DGDG(18:2/18:4),0.00728837,.beta.-Cryptoxanthin,0.01473533
DGDG(18:2/18:3),0.053853001,PC(16:1/18:2),0.021863487,Sum_LPC,0.016960883,TG(16:1/20:1/20:2),0.03995959,TG(18:0/18:0/20:1),0.002718202,PC(18:1/14:0),6.16E-05,DGDG(16:0/18:1),0.00088727,DG(16:0/18:2),0.00020936,PC(16:1/18:2),0.86000972,DG(18:2/18:3),0.0072568,SQDG(18:2/18:3),0.0147183
GalCer(d18:2/22:1),0.053547282,SM(d18:1/17:0),0.021675278,Sum_PC_Sum_SM,0.016887049,PC(16:0/20:3),0.03963216,PC(14:0/18:2),0.00270908,PE(18:2/18:2),6.16E-05,TG(18:2/20:3/22:0),0.00088594,PS(18:0/18:2),0.0002068,gibberellic acid,0.85154283,PE(16:0/18:2),0.00720917,PC(22:1/22:1),0.01469393
TG(16:1/20:1/22:1),0.052256419,TG(16:0/18:1/22:1),0.021474631,Sum_Cer_Sum_TG,0.016600675,PC(18:0/18:2),0.03951794,MG(18:0),0.002692137,TG(18:1/20:3/22:0),6.12E-05,.alpha.-Amyrin,0.00088472,PE(16:0/18:0),0.00020584,TG(18:2/22:0/22:3),0.84720654,TG(10:0/10:0/10:0),0.00720013,TG(10:0/16:1/18:1),0.01468775
SPB 18:0;2OH,0.052133399,Ubiquinone 9,0.021167773,Sum_PC,0.016549053,MGDG(18:2/18:3),0.03944848,TG(18:0/18:2/22:0),0.002686607,MG(12:0),6.10E-05,gamma-sitosterol,0.00087928,TG(12:0/14:0/18:1),0.00020148,TG(10:0/10:0/10:0),0.84465467,AEG(o-16:2/18:2),0.00719088,TG(16:0/16:0/18:2),0.01461248
PC(18:3/0:0),0.051066888,TG(16:0/18:1/20:0),0.021091357,Sum_AEG_Sum_PA,0.016535509,PC(18:0/18:1),0.03900106,AEG(o-15:2/15:0),0.002683534,TG(18:3/18:3/18:3),6.07E-05,TG(16:0/18:1/22:0),0.00087531,DG(18:1/18:3),0.00020122,DGDG(18:2/18:4),0.84398123,"8(9)-Epoxy-5Z,11Z,14Z-eicosatrienoic acid, methyl ester",0.00718418,MGDG(16:0/18:3),0.0144249
PG(18:0/16:0),0.05013545,alpha-Carotene,0.021079671,Sum_LPC_Sum_PE,0.016530035,Lutein,0.03892061,TG(18:1/18:1/20:3),0.002672445,MG(18:0),6.02E-05,PG(16:0/18:1),0.000871,TG(16:0/18:1/18:3),0.00019781,PE(16:0/18:0),0.82560235,PE(16:0/18:0),0.00713586,TG(16:0/18:1/20:1),0.01437416
PE(12:0/12:0),0.048894587,TG(14:0/18:1/18:3),0.02044136,Sum_PS_Sum_TG,0.016405744,TG(18:2/18:2/20:2),0.03850994,PC(14:0/22:5),0.002596942,TG(10:0/16:1/18:1),6.00E-05,SQDG(16:0/18:1),0.00086907,DG(16:0/18:1),0.00019683,PC(14:0/20:4),0.79925167,DG(16:0/18:2),0.00702788,PC(16:0/20:5),0.01432914
TG(14:0/16:0/16:0),0.047925203,Ubidecarenone,0.020307219,Sum_LPE_Sum_PA,0.016272115,Zeaxanthin,0.03748248,DG(16:0/18:0),0.002587663,MG(16:1),6.00E-05,PE(18:2/18:3),0.00086885,MG(18:0),0.00019568,DGDG(18:0/18:2),0.79572672,TG(10:0/14:0/16:0),0.00701527,TG(16:1/16:1/22:5),0.01428913
PS(18:0/20:4),0.047881113,LPC(18:3),0.020275498,Sum_PC_Sum_SQDG,0.016232374,TG(16:0/18:3/18:3),0.03747252,Apocarotenal,0.002587499,PC(16:0/16:0),5.99E-05,.beta.-Sitosterol,0.00086863,TG(8:0/16:1/18:1),0.00019415,PC(16:0/18:2),0.79438321,PC(16:0/16:0),0.00700358,MGDG(18:2/18:3),0.01427563
PC(18:1/18:1),0.047805315,TG(18:1/18:1/20:3),0.019964954,Sum_FA_Sum_SM,0.016179062,"9,12,13,TriHODE",0.03728084,SQDG(18:2/18:3),0.002572521,PC(16:0/18:0),5.98E-05,TG(18:0/18:0/20:1),0.00086606,MG(18:1),0.00019287,TG(18:2/20:3/22:0),0.79291682,PS(18:0/18:2),0.0069986,PC(18:2/0:0),0.01418304
DG(16:0/18:3),0.047719582,PE(18:2/18:3),0.019885638,Sum_LPE_Sum_PG,0.016123359,.alpha.-Ionone,0.03630015,PE(16:0/18:3),0.002569965,DGDG(16:0/18:1),5.98E-05,PE(16:0/18:3),0.00086061,PG(16:0/18:1),0.00019271,TG(14:0/18:1/18:2),0.78313589,"9,12,13,TriHODE",0.00698869,MGDG(18:3/18:3),0.0141311
PE(16:0/0:0),0.046462583,AEG(o-18:4/18:2),0.019826309,Sum_Cer_Sum_PS,0.015783018,Phytosphingosine,0.03614568,PC(16:1/18:2),0.002559905,PC(18:3/0:0),5.94E-05,SPHINGANINE,0.00085882,PC(14:0/20:4),0.00019261,TG(18:1/20:1/22:1),0.78032699,TG(16:0/16:0/16:0),0.00697965,DG(18:2/18:2),0.01406236
PC(14:0/18:2),0.046446788,DGDG(16:0/18:3),0.019785037,Sum_FA_Sum_PG,0.015525578,TG(16:0/16:0/16:0),0.03575844,PC(18:1/24:0),0.002555475,PC(16:0/22:6),5.94E-05,DG(16:0/18:1),0.00085817,GalCer(d18:2/20:1),0.0001916,TG(18:0/18:2/18:2),0.7771606,AEG(o-16:2/16:0),0.00696412,PC(16:0/18:3),0.01398876
TG(18:2/22:0/22:3),0.04629347,PC(18:0/18:3),0.019781826,Sum_DG_Sum_SM,0.015461348,Ubiquinone 9,0.0356324,TG(16:1/20:1/22:1),0.002527464,Cer(24:1),5.92E-05,TG(18:1/20:0/22:1),0.00085642,TG(12:0/14:0/16:0),0.00019111,PE(14:0/22:6),0.77622485,TG(12:0/18:1/18:2),0.00690228,TG(16:0/16:0/16:0),0.01395057
Ubidecarenone,0.046186525,GalCer(d18:2/18:1),0.01960049,Sum_Cer_Sum_GalCer,0.015404861,PE(12:0/12:0),0.03543682,Vitamin K1,0.002513969,SQDG(16:0/18:3),5.92E-05,TG(18:2/20:2/22:2),0.00085086,MG(18:3),0.00018777,TG(16:0/18:1/18:3),0.77535572,TG(12:0/18:2/18:3),0.00681353,TG(14:0/18:1/18:3),0.0138648
LPE(16:0),0.045614418,LPE(16:0),0.019471473,Sum_LPE_Sum_SM,0.015262407,PC(18:2/0:0),0.03539278,DG(18:2/18:3),0.002494235,LPC(16:0),5.87E-05,Vitamin K1,0.00085072,(-)-Caryophyllene oxide,0.00018487,alpha-Tocopherol,0.77064415,.beta.-Cryptoxanthin,0.00678221,DGDG(16:0/18:3),0.01386455
TG(16:0/18:1/20:0),0.045051754,SQDG(16:1/18:3),0.019379928,Sum_DGDG_Sum_PA,0.014975085,TG(18:1/20:3/22:0),0.03511711,PC(16:0/20:5),0.002487102,GalCer(d18:2/20:1),5.87E-05,TG(14:0/14:0/18:0),0.00084955,TG(18:1/20:1/22:1),0.00018081,PC(16:0/20:3),0.7654201,DGDG(18:2/18:3),0.00678082,(-)-Caryophyllene oxide,0.0138644
MG(16:0),0.044972975,DG(12:0/12:0),0.019222012,Sum_DGDG_Sum_PE,0.014888526,TG(12:0/18:1/18:3),0.03478552,TG(12:0/18:1/18:1),0.002476554,PE(16:0/20:5),5.85E-05,TG(16:0/18:3/18:3),0.00084504,MG(18:2),0.00018017,AEG(o-18:4/16:1),0.75961457,TG(16:1/20:1/22:1),0.00674991,MG(18:1),0.01386159
TG(12:0/16:0/16:0),0.044802315,TG(12:0/16:0/18:2),0.019120161,Sum_AEG_Sum_Cer,0.014552652,TG(12:0/16:0/16:0),0.03476851,Cer(24:1),0.002438001,Oxo fatty acid (18:3),5.85E-05,AEG(o-18:4/16:1),0.00084128,Oxo fatty acid (18:3),0.00017804,SQDG(16:0/16:0),0.75921743,DG(12:0/12:0),0.00674242,Vitamin K1,0.01385192
PE(16:0/18:0),0.044395645,alpha-Tocopherol,0.018864324,Sum_SQDG_Sum_TG,0.01434984,TG(12:0/16:0/18:2),0.03446874,TG(18:2/20:3/22:0),0.002434476,PC(16:0/22:5),5.82E-05,PC(22:1/22:1),0.00083585,TG(16:0/18:3/18:3),0.00017692,DG(16:0/16:0),0.75384092,GalCer(d18:2/20:1),0.0066927,AEG(o-18:3/16:1),0.01372359
PC(18:2/20:0),0.043930117,PC(16:0/18:2),0.018824839,Sum_DG_Sum_SQDG,0.014231968,TG(18:2/18:2/22:1),0.03435694,PC(18:0/20:2),0.002425968,TG(16:0/16:0/18:2),5.81E-05,DG(16:0/18:3),0.00082048,PC(18:1/24:1),0.00017658,DGDG(18:0/18:3),0.74241019,TG(16:0/16:0/18:1),0.00654106,TG(12:0/18:2/18:3),0.01367942
TG(16:1/16:1/22:5),0.043838186,MG(16:1),0.018761466,Sum_LPC_Sum_MGDG,0.013195348,SQDG(16:0/18:0),0.0343515,TG(12:0/12:0/18:1),0.002403364,TG(18:2/22:0/22:3),5.80E-05,TG(16:0/18:1/20:2),0.00081829,PC(18:1/14:0),0.00017306,SQDG(18:3/18:3),0.73704342,TG(12:0/14:0/18:1),0.00651775,PC(14:0/18:2),0.01359015
TG(18:0/18:0/20:1),0.043715609,AEG(o-16:2/16:0),0.018590766,Sum_Cer_Sum_FA,0.012972948,Cer(d18:2/20:1),0.03432039,TG(14:0/14:0/16:1),0.002375377,DG(16:0/18:0),5.78E-05,TG(16:0/18:1/22:1),0.00081693,GalCer(d18:2/18:1),0.00017146,TG(16:0/16:0/18:1),0.73291572,gamma-sitosterol,0.00650338,DG(18:1/18:1),0.01357339
TG(12:0/18:1/18:2),0.043604323,DG(18:1/18:1),0.018570766,Sum_MGDG_Sum_PA,0.012808406,PE(18:2/18:3),0.0342914,PC(16:0/18:3),0.002370999,PE(18:1/18:2),5.76E-05,PC(18:3/0:0),0.00081408,DGDG(16:0/18:1),0.00017083,TG(10:0/16:1/18:1),0.72797621,GalCer(d18:2/22:1),0.00649295,PE(16:0/18:3),0.01351696
TG(14:0/18:1/18:3),0.043035825,MG(16:0),0.018522341,Sum_FA,0.012678498,TG(16:1/16:1/22:5),0.0340931,TG(18:1/20:1/22:1),0.002367762,TG(18:2/18:2/20:2),5.68E-05,TG(18:2/22:0/22:3),0.00080441,SQDG(16:0/18:0),0.00016946,PC(16:0/22:5),0.72741346,TG(18:1/18:3/22:0),0.00648718,TG(18:2/18:2/22:1),0.01348471
TG(16:0/18:1/22:1),0.042393324,beta-Carotene,0.018312321,Sum_FA_Sum_PA,0.01260049,TG(14:0/18:1/18:3),0.03398046,TG(18:1/18:2/18:3),0.002344122,SQDG(16:0/14:0),5.68E-05,Phytosphingosine,0.00080273,TG(14:0/18:1/18:3),0.0001673,DGDG(16:0/18:1),0.72551542,TG(10:0/16:1/18:1),0.00648349,TG(12:0/16:0/18:2),0.01337881
TG(18:2/18:2/22:1),0.042159435,TG(14:0/18:3/18:3),0.017978558,Sum_GalCer_Sum_PE,0.012437498,GalCer(d18:2/22:1),0.03354688,Lutein,0.002342203,"8(9)-Epoxy-5Z,11Z,14Z-eicosatrienoic acid, methyl ester",5.68E-05,"14(15)-Epoxy-5Z,8Z,11Z-eicosatrienoic acid, methyl ester",0.0008021,PC(16:1/18:2),0.00016353,PE(12:0/12:0),0.72327529,PE(18:0/18:2),0.00647292,PC(18:0/20:2),0.01322574
PS(18:0/18:2),0.042024131,PG(18:0/16:0),0.01780964,Sum_LPE_Sum_TG,0.012357952,Vitamin K1,0.03325991,PC(14:0/18:3),0.002309028,PC(18:1/22:1),5.67E-05,PC(16:0/18:2),0.00080193,PE(18:2/18:3),0.00016107,DG(18:1/18:2),0.71909344,PE(18:3/18:3),0.006463,TG(14:0/14:0/16:0),0.01316151
Ubiquinone 9,0.041891712,PC(16:0/20:4),0.017786426,Sum_DGDG_Sum_TG,0.012230244,LPE(16:0),0.03309676,MG(12:0),0.002302171,PG(16:0/16:0),5.64E-05,PC(18:1/20:4),0.0007938,TG(10:0/16:1/18:1),0.00016092,AEG(o-18:3/16:1),0.71882225,SQDG(16:0/16:0),0.00644417,.beta.-Amyrin,0.01311963
PC(18:0/18:2),0.041881706,TG(16:1/20:1/20:2),0.017668339,Sum_DG,0.01215769,FA(22:1),0.03278458,DG(18:1/2:0),0.002297709,DG(18:0/18:0),5.64E-05,TG(14:0/18:1/18:2),0.00079238,FA(22:1),0.00015789,TG(12:0/12:0/16:1),0.71646835,DG(18:3/18:3),0.00635253,DG(18:0/18:0),0.0130773
MG(18:3),0.041649718,GalCer(d18:2/20:1),0.017659277,Sum_DGDG,0.011811948,TG(12:0/18:1/18:1),0.03242987,PC(18:0/18:1),0.002282132,MGDG(16:0/18:3),5.63E-05,PC(18:1/16:0),0.00079181,TG(18:0/18:0/20:1),0.00015725,alpha-Carotene,0.7088938,PC(16:0/20:4),0.00634985,Ubidecarenone,0.01305716
LPC(16:0),0.041430555,MGDG(18:3/18:3),0.017522542,Sum_PA_Sum_TG,0.011768526,SQDG(18:2/18:3),0.03236233,Cycloartenol acetate,0.002237769,TG(18:0/18:2/22:0),5.59E-05,AEG(o-15:2/15:0),0.00079049,PC(18:0/18:3),0.00015504,TG(16:0/18:1/20:2),0.70736245,PC(14:0/18:0),0.00628774,.gamma.-Linolenoyl ethanolamide,0.01299742
PC(16:0/16:0),0.041398651,TG(18:1/18:2/18:3),0.01744036,Sum_DG_Sum_GalCer,0.011445032,AEG(o-16:3/16:0),0.03223416,TG(14:0/18:1/18:2),0.002189702,TG(18:2/18:3/20:3),5.59E-05,TG(16:0/18:0/18:2),0.00078982,SQDG(16:0/14:0),0.00015458,PC(18:0/18:2),0.70354256,PE(18:1/18:2),0.0062581,PC(18:0/18:2),0.01298511
alpha-Tocopherol,0.041246705,TG(16:1/20:1/22:1),0.017209891,Sum_Cer_Sum_DG,0.011322746,PC(18:0/20:3),0.03217521,.alpha.-Amyrin,0.002189592,DG(18:1/18:3),5.56E-05,TG(14:0/14:0/16:0),0.00078638,Phytosphingosine,0.00015344,TG(18:1/18:2/18:3),0.69876259,SQDG(18:2/18:3),0.00622097,"9,12,13,TriHODE",0.01295553
DG(18:1/2:0),0.041188882,DG(18:1/18:2),0.017172334,Sum_SM_Sum_TG,0.011212746,PE(16:0/0:0),0.03173057,PE(12:0/12:0),0.002171313,TG(14:0/18:1/18:3),5.54E-05,TG(18:1/18:2/18:2),0.00078413,.beta.-Sitosterol,0.00015229,TG(12:0/18:1/18:3),0.6958427,"14(15)-Epoxy-5Z,8Z,11Z-eicosatrienoic acid, methyl ester",0.00621898,TG(16:0/18:2/18:3),0.0129223
SQDG(18:3/18:3),0.040561149,Phytosphingosine,0.016996996,Sum_GalCer_Sum_TG,0.010923771,SQDG(18:0/18:3),0.03171586,PS(18:0/20:4),0.002145985,PC(22:0/0:0),5.52E-05,DG(12:0/12:0),0.0007826,TG(16:0/18:1/22:0),0.00015112,PC(16:0/18:3),0.68627587,PC(14:0/22:5),0.00617797,DG(16:0/18:1),0.01276958
DG(18:2/18:3),0.039913651,PC(18:1/16:0),0.016923809,Sum_PE_Sum_PS,0.010870183,(-)-Caryophyllene oxide,0.03170627,TG(14:0/16:0/18:1),0.002140875,PG(16:0/18:1),5.46E-05,PG(18:0/16:0),0.00077986,PC(22:1/22:1),0.00014987,PC(14:0/22:5),0.67950566,AEG(o-16:3/16:0),0.00616901,"14(15)-Epoxy-5Z,8Z,11Z-eicosatrienoic acid, methyl ester",0.01266625
MG(16:1),0.039361048,PE(16:0/20:5),0.016607249,Sum_Cer_Sum_DGDG,0.010415534,TG(18:1/18:2/18:3),0.03163468,TG(10:0/12:0/16:0),0.002140442,TG(18:2/18:2/18:4),5.42E-05,PE(16:0/18:0),0.0007697,PC(16:0/22:5),0.00014795,.alpha.-Amyrin,0.67192702,MGDG(18:3/18:3),0.00616088,MG(18:3),0.01260851
DGDG(16:0/18:2),0.038427346,SQDG(16:0/18:2),0.016579385,Sum_PC_Sum_TG,0.00982349,SQDG(16:0/16:0),0.03141923,TG(16:0/18:1/22:0),0.002139372,PC(14:0/20:4),5.40E-05,DGDG(16:0/18:3),0.00076761,.beta.-Amyrin,0.00014697,PC(22:1/22:1),0.66549763,TG(14:0/18:3/18:3),0.00615648,PG(16:0/16:0),0.01257207
PC(16:0/18:0),0.038290135,DG(16:0/2:0),0.016377909,Sum_Cer_Sum_MG,0.009669462,DG(18:0/18:2),0.03138519,TG(16:0/16:0/18:1),0.00213165,(-)-Caryophyllene oxide,5.38E-05,MG(12:0),0.00076631,AEG(o-16:2/18:2),0.00014597,MG(18:3),0.66365859,TG(18:3/18:3/18:3),0.00614366,PC(18:0/18:3),0.01250703
TG(12:0/16:0/18:3),0.038094424,PG(16:0/18:1),0.016316729,Sum_MG_Sum_SQDG,0.009604278,MG(16:1),0.03078149,TG(16:0/18:1/20:0),0.002119951,TG(18:1/18:2/18:2),5.30E-05,TG(14:0/18:1/18:3),0.00076058,TG(18:2/18:2/22:1),0.0001458,TG(16:1/20:1/20:2),0.66180636,DG(18:1/18:2),0.00613337,PC(16:0/22:6),0.01248967
TG(18:2/18:2/18:4),0.037953195,PC(18:0/20:4),0.016204262,Sum_DG_Sum_TG,0.009230137,PC(16:0/16:0),0.03074331,"14(15)-Epoxy-5Z,8Z,11Z-eicosatrienoic acid, methyl ester",0.002118792,SQDG(16:0/18:2),5.24E-05,LPC(16:0),0.00076033,TG(12:0/12:0/18:2),0.00014558,DG(16:0/18:3),0.64375539,PA(16:0/18:2),0.00609928,PC(18:1/16:0),0.01240712
MGDG(18:3/18:3),0.037838396,TG(18:2/18:2/20:2),0.016184741,Sum_PC_Sum_PG,0.009195176,TG(12:0/16:0/18:1),0.03073515,PC(18:0/18:3),0.002116867,PE(16:0/18:1),5.18E-05,PA(16:0/18:2),0.00075619,PE(16:0/18:3),0.00014556,DG(18:2/18:3),0.63905378,(-)-Caryophyllene oxide,0.0060805,PC(14:0/22:6),0.01239939
SQDG(16:0/14:0),0.037755325,MG(18:0),0.01606593,Sum_Cer_Sum_PE,0.009125941,MG(18:3),0.03009416,PC(16:0/22:6),0.002113935,FA(22:1),5.15E-05,trans-EKODE-(E)-Ib,0.00075433,TG(12:0/16:0/18:1),0.00014433,PC(16:0/18:1),0.63590352,DGDG(16:0/18:2),0.00598361,Antheraxanthin,0.01237126
AEG(o-18:4/16:1),0.037083572,AEG(o-16:3/16:0),0.015910905,Sum_PG_Sum_TG,0.008850295,PE(18:2/18:2),0.02891127,DGDG(16:0/18:1),0.002098727,LPE(16:0),5.14E-05,SPB 18:0;2OH,0.00075333,PC(16:0/22:6),0.0001439,AEG(o-16:3/16:0),0.63563629,PG(18:0/16:0),0.00597409,Cer(d18:2/20:1),0.012369
TG(14:0/14:0/18:0),0.036567961,Oxo fatty acid (18:3),0.015855852,Sum_AEG_Sum_LPC,0.008699251,LPC(18:3),0.02884089,TG(18:1/20:0/22:1),0.002098673,TG(16:0/16:0/16:0),5.12E-05,SQDG(16:0/18:2),0.00075229,PC(18:2/20:0),0.00014272,PE(16:0/18:1),0.63191914,DGDG(16:0/18:3),0.00594832,AEG(o-16:3/16:0),0.0123568
Lutein,0.035482465,TG(18:2/20:3/22:0),0.015832518,Sum_PE_Sum_TG,0.008528992,PC(18:1/14:0),0.02800017,PG(18:0/16:0),0.002068393,DG(16:0/18:3),5.10E-05,TG(12:0/16:0/16:0),0.0007502,PC(14:0/18:3),0.0001418,MG(18:2),0.62985119,MGDG(16:0/18:3),0.00591888,PE(16:0/20:5),0.01235388
TG(18:0/18:2/18:2),0.035393931,DGDG(18:0/18:3),0.015690157,Sum_AEG_Sum_DG,0.007933772,TG(16:0/18:1/20:0),0.02785517,TG(18:2/18:2/22:1),0.00202803,TG(16:0/18:1/18:3),5.10E-05,PC(16:0/16:0),0.00074911,TG(12:0/12:0/14:0),0.00014059,PC(16:0/18:0),0.62808951,Vitamin K1,0.00591777,TG(18:2/20:3/22:0),0.01231665
TG(16:0/18:2/18:3),0.035304805,TG(16:0/18:1/22:0),0.015591032,PS(18:0/20:4),0.61733814,DG(12:0/12:0),0.02760966,PE(18:0/18:1),0.002017361,PE(14:0/22:6),5.09E-05,PE(18:3/18:3),0.00074891,MGDG(18:2/18:3),0.00014031,PS(18:0/20:4),0.61733814,DG(16:1/18:3),0.00590797,TG(12:0/12:0/12:0),0.01226389
AEG(o-16:3/16:0),0.034303993,Zeaxanthin,0.01554252,PE(16:0/18:3),0.61180851,TG(16:0/18:1/20:1),0.02725156,PE(16:0/20:4),0.002011562,PC(18:1/16:0),5.08E-05,DG(18:2/18:2),0.0007405,DGDG(18:0/18:3),0.00013549,PE(16:0/18:3),0.61180851,DG(16:0/2:0),0.00587864,TG(12:0/16:0/18:3),0.01222
TG(12:0/14:0/18:3),0.032327908,PC(22:0/0:0),0.015523743,TG(12:0/12:0/12:0),0.61133181,AEG(o-18:4/16:1),0.02721888,TG(16:0/16:0/20:1),0.001994805,SPB 18:0;2OH,5.06E-05,DG(18:0/18:2),0.00073703,Lutein,0.00013184,TG(12:0/12:0/12:0),0.61133181,TG(12:0/14:0/16:0),0.00587618,TG(10:0/12:0/16:0),0.01201817
TG(12:0/16:0/18:2),0.032149775,DGDG(16:0/18:2),0.015397757,PE(16:0/18:2),0.61111739,DG(18:2/18:2),0.0269344,PA(16:0/18:2),0.001972647,DG(18:1/18:2),5.03E-05,SQDG(16:0/18:0),0.00072421,MGDG(16:0/18:1),0.0001286,PE(16:0/18:2),0.61111739,PC(18:2/20:0),0.00583344,PE(18:1/18:2),0.01201344
PC(16:0/18:2),0.031942345,MG(18:1),0.015351091,DG(12:0/12:0),0.61072088,Cycloartenol acetate,0.02680971,TG(10:0/12:0/14:0),0.001967018,Antheraxanthin,5.02E-05,SQDG(18:0/18:3),0.00072414,TG(18:2/22:0/22:3),0.00012783,DG(12:0/12:0),0.61072088,Cer(d18:2/20:1),0.00578404,PE(18:0/18:2),0.01195764
MGDG(16:0/18:3),0.031581453,AEG(o-15:2/15:0),0.015192468,DGDG(18:2/18:3),0.60958095,DGDG(18:0/18:3),0.02567712,PE(16:0/18:1),0.001943623,PC(18:1/20:1),4.99E-05,PG(16:0/16:0),0.00072316,TG(16:0/18:1/18:1),0.00012605,DGDG(18:2/18:3),0.60958095,.gamma.-Linolenoyl ethanolamide,0.00576356,DGDG(16:0/18:2),0.01193291
DGDG(16:0/18:3),0.031044326,"9,12,13,TriHODE",0.015150932,PC(18:3/0:0),0.60904429,TG(16:0/18:1/18:3),0.02532475,TG(14:0/14:0/18:0),0.001943236,PC(18:1/18:2),4.98E-05,MG(16:1),0.00072021,DG(18:2/18:2),0.00012412,PC(18:3/0:0),0.60904429,TG(18:0/18:0/20:1),0.00570268,PC(14:0/22:5),0.01190216
TG(14:0/18:1/18:2),0.031000159,PE(18:0/18:1),0.015101223,TG(10:0/12:0/14:0),0.60099329,PC(16:0/20:4),0.02496558,CL(18:1),0.001938083,PC(14:0/14:0),4.96E-05,PC(18:0/20:4),0.00072015,PC(18:1/20:4),0.00012354,TG(10:0/12:0/14:0),0.60099329,PE(16:0/18:1),0.00568743,PC(18:1/20:4),0.01186824
DG(18:2/18:2),0.030483667,PC(18:1/20:1),0.015013106,.beta.-Amyrin,0.59329333,TG(12:0/16:0/18:3),0.02486115,PC(18:1/20:1),0.00192147,TG(16:0/18:1/22:1),4.96E-05,MGDG(18:3/18:3),0.00071987,TG(10:0/12:0/14:0),0.00012336,.beta.-Amyrin,0.59329333,Ubiquinone 9,0.00558384,PC(14:0/18:3),0.01173646
Antheraxanthin,0.030050535,SQDG(18:3/18:3),0.014999426,DG(16:0/18:2),0.57607681,TG(14:0/16:0/16:0),0.0248173,TG(14:0/14:0/16:0),0.00190974,TG(16:0/18:1/20:0),4.95E-05,TG(16:1/16:1/22:5),0.00071702,TG(18:2/18:2/20:2),0.0001224,DG(16:0/18:2),0.57607681,TG(12:0/12:0/16:1),0.0055171,MG(16:1),0.01165193
PE(16:0/18:1),0.028156518,PC(18:1/22:1),0.014883064,TG(10:0/12:0/16:0),0.56643391,SQDG(16:0/14:0),0.02478998,TG(16:0/18:1/22:1),0.001903093,TG(16:1/18:1/18:1),4.94E-05,GalCer(d18:2/20:1),0.00071398,PC(16:0/18:3),0.00012014,TG(10:0/12:0/16:0),0.56643391,PC(18:0/18:2),0.00548614,PE(16:0/18:2),0.01152973
PE(18:3/18:3),0.027948465,MGDG(18:2/18:2),0.014707942,TG(16:0/18:3/18:3),0.56214645,TG(14:0/18:2/18:3),0.02444714,.beta.-Amyrin,0.001881668,TG(14:0/18:1/18:2),4.93E-05,PC(16:0/20:5),0.00071085,AEG(o-18:4/18:2),0.00011919,TG(16:0/18:3/18:3),0.56214645,SQDG(16:0/18:2),0.00546073,PC(16:0/18:1),0.01148015
TG(12:0/18:1/18:1),0.027016724,PS(18:0/18:2),0.014697908,"14(15)-Epoxy-5Z,8Z,11Z-eicosatrienoic acid, methyl ester",0.55795108,alpha-Carotene,0.02436432,TG(16:1/20:1/20:2),0.001863098,TG(12:0/16:0/16:0),4.93E-05,SQDG(18:3/18:3),0.00070584,TG(18:1/18:2/18:3),0.0001178,"14(15)-Epoxy-5Z,8Z,11Z-eicosatrienoic acid, methyl ester",0.55795108,TG(10:0/12:0/16:0),0.00544564,TG(16:0/18:1/18:3),0.01144304
Cer(d18:2/20:1),0.026886244,DG(18:2/18:2),0.014523455,PG(16:0/16:0),0.55296878,DGDG(18:2/18:4),0.02424005,FA(22:1),0.001846255,TG(16:1/16:1/22:5),4.93E-05,MG(18:2),0.00070434,TG(18:2/20:2/22:2),0.00011761,PG(16:0/16:0),0.55296878,SQDG(18:3/18:3),0.00544316,PE(12:0/12:0),0.01140836
"8(9)-Epoxy-5Z,11Z,14Z-eicosatrienoic acid, methyl ester",0.026818738,SQDG(16:0/14:0),0.014512232,PC(14:0/14:0),0.54829041,"14(15)-Epoxy-5Z,8Z,11Z-eicosatrienoic acid, methyl ester",0.0242114,PC(22:1/22:1),0.001834018,PE(16:0/18:0),4.93E-05,PC(18:1/22:1),0.00070422,TG(16:0/18:1/22:1),0.00011696,PC(14:0/14:0),0.54829041,trans-EKODE-(E)-Ib,0.00543725,Cycloartenol acetate,0.01137705
DG(16:1/18:3),0.02667003,TG(12:0/18:2/18:3),0.01450874,TG(12:0/18:2/18:3),0.5429052,TG(14:0/14:0/18:0),0.02401579,Zeaxanthin,0.001820052,SPHINGANINE,4.90E-05,PC(18:0/18:1),0.00070265,PC(18:1/22:1),0.00011651,TG(12:0/18:2/18:3),0.5429052,TG(18:1/18:2/18:3),0.00543651,"8(9)-Epoxy-5Z,11Z,14Z-eicosatrienoic acid, methyl ester",0.01122745
AEG(o-18:3/16:1),0.026167579,.beta.-Amyrin,0.014426993,Cer(24:1),0.54001145,PC(18:2/20:0),0.02345605,PC(18:1/18:2),0.001792257,DG(18:0/18:2),4.89E-05,TG(18:0/18:2/22:0),0.00069979,TG(16:1/18:1/18:1),0.00011355,Cer(24:1),0.54001145,TG(18:2/20:2/22:2),0.00543322,TG(18:0/18:0/20:1),0.01105382
TG(14:0/18:2/18:3),0.025961941,PC(18:1/20:4),0.01438649,TG(10:0/16:0/16:0),0.53455948,PC(14:0/22:6),0.02337007,GalCer(d18:2/20:1),0.00178503,MG(18:3),4.83E-05,TG(16:0/16:0/18:2),0.0006974,AEG(o-16:2/16:0),0.00011277,TG(10:0/16:0/16:0),0.53455948,AEG(o-18:4/16:1),0.00541579,LPC(16:0),0.01088406
AEG(o-16:2/16:0),0.02520252,Lutein,0.01417287,PC(18:0/18:3),0.52566726,PC(16:0/18:0),0.02326216,DG(18:1/18:2),0.001782474,PE(16:0/0:0),4.81E-05,DG(16:1/18:3),0.00069378,SQDG(16:0/16:0),0.00011214,PC(18:0/18:3),0.52566726,TG(18:2/18:2/20:2),0.00538131,MGDG(18:2/18:2),0.010777
Phytosphingosine,0.025048728,PC(14:0/20:4),0.014068613,DGDG(16:0/18:2),0.51985843,PC(18:1/24:0),0.02291336,MG(16:1),0.001760646,DG(16:0/18:2),4.77E-05,TG(16:0/18:1/20:1),0.00069261,PE(12:0/12:0),0.00011009,DGDG(16:0/18:2),0.51985843,MGDG(18:2/18:2),0.00530474,PC(16:0/18:2),0.01061844
Zeaxanthin,0.024610388,PC(18:0/20:3),0.014067586,MG(18:0),0.51922837,LPC(16:0),0.02277098,GalCer(d18:2/22:1),0.001713103,Phytosphingosine,4.76E-05,alpha-Tocopherol,0.00069081,PC(18:0/20:3),0.00010743,MG(18:0),0.51922837,PC(18:0/20:4),0.00523058,DGDG(18:2/18:3),0.01060498
Vitamin K1,0.02435187,SQDG(18:0/18:3),0.013840451,PC(18:0/20:4),0.51763446,.beta.-Cryptoxanthin,0.02241315,PE(18:2/18:3),0.001692201,PC(14:0/18:0),4.74E-05,TG(18:0/18:2/20:1),0.00069013,CL(18:1),0.00010363,PC(18:0/20:4),0.51763446,PG(16:0/16:0),0.00520678,alpha-Carotene,0.0104286
TG(18:2/20:3/22:0),0.024312819,DG(16:0/18:2),0.013806383,SQDG(18:1/18:3),0.50535044,DG(18:1/2:0),0.02222691,TG(18:1/20:3/22:0),0.001691372,DG(16:0/18:1),4.72E-05,PE(16:0/20:5),0.00068711,gamma-sitosterol,0.00010261,SQDG(18:1/18:3),0.50535044,DG(18:0/18:2),0.00517141,DGDG(16:0/18:1),0.01030663
PC(16:1/16:1),0.023873396,PC(18:0/18:2),0.013780984,TG(18:2/18:2/22:1),0.50534497,"8(9)-Epoxy-5Z,11Z,14Z-eicosatrienoic acid, methyl ester",0.02218289,TG(16:0/18:3/18:3),0.001611834,"14(15)-Epoxy-5Z,8Z,11Z-eicosatrienoic acid, methyl ester",4.71E-05,DG(18:1/18:1),0.00068338,DG(18:1/2:0),0.00010035,TG(18:2/18:2/22:1),0.50534497,PC(18:1/22:1),0.00514785,trans-EKODE-(E)-Ib,0.01002014
SM(d18:1/17:0),0.023844873,SQDG(18:2/18:3),0.013741193,"8(9)-Epoxy-5Z,11Z,14Z-eicosatrienoic acid, methyl ester",0.48595058,PS(18:0/20:4),0.02217667,TG(16:0/18:1/18:3),0.001599462,DG(12:0/12:0),4.71E-05,TG(10:0/14:0/16:0),0.00068292,Vitamin K1,9.61E-05,"8(9)-Epoxy-5Z,11Z,14Z-eicosatrienoic acid, methyl ester",0.48595058,PC(22:0/0:0),0.00514573,AEG(o-18:4/16:1),0.00993064
PC(18:1/24:0),0.02362797,.beta.-Cryptoxanthin,0.013540805,SQDG(18:0/18:3),0.48000188,PC(18:3/0:0),0.02199554,DG(16:0/18:2),0.001591645,alpha-Tocopherol,4.67E-05,SQDG(16:0/14:0),0.00067207,TG(14:0/14:0/16:1),9.56E-05,SQDG(18:0/18:3),0.48000188,DG(18:0/18:0),0.00509249,DG(18:1/18:2),0.0099292
beta-Carotene,0.023316273,SQDG(16:0/16:0),0.013533254,PC(18:1/20:4),0.47822533,DG(16:0/18:3),0.02174232,AEG(o-18:3/16:1),0.001575444,PS(18:0/20:4),4.66E-05,PC(16:0/22:5),0.00066473,PE(16:0/0:0),9.52E-05,PC(18:1/20:4),0.47822533,PE(12:0/12:0),0.00506768,TG(10:0/16:0/16:0),0.00992374
alpha-Carotene,0.023284341,FA(22:1),0.013395425,MGDG(18:3/18:3),0.4766693,TG(16:0/18:2/18:3),0.02168799,TG(14:0/18:2/18:3),0.001529081,TG(16:0/18:3/18:3),4.65E-05,SQDG(16:1/18:3),0.00066269,PE(18:1/18:2),9.44E-05,MGDG(18:3/18:3),0.4766693,.beta.-Amyrin,0.00503849,PC(16:1/18:2),0.00990066
PC(14:0/18:0),0.023243833,DG(16:0/18:1),0.01330983,DGDG(16:0/18:3),0.47134741,DG(18:3/18:3),0.02159371,PC(14:0/14:0),0.001512892,TG(16:0/16:0/20:1),4.64E-05,DG(16:0/2:0),0.00066213,PC(16:0/20:4),9.06E-05,DGDG(16:0/18:3),0.47134741,TG(10:0/12:0/14:0),0.00502736,TG(14:0/16:0/16:0),0.00984901
"14(15)-Epoxy-5Z,8Z,11Z-eicosatrienoic acid, methyl ester",0.022625861,MG(12:0),0.013180298,PC(18:1/18:1),0.44925243,GalCer(d18:2/18:1),0.02154115,DG(16:0/2:0),0.00146567,TG(16:0/18:1/20:1),4.62E-05,TG(10:0/16:1/18:1),0.00066125,DG(18:0/18:2),9.06E-05,PC(18:1/18:1),0.44925243,MG(18:3),0.00486617,SQDG(16:0/18:3),0.00984603
PE(16:0/18:2),0.022210748,DG(18:0/18:2),0.01299522,DG(18:1/18:1),0.44210743,PE(16:0/20:4),0.02148604,MGDG(16:0/18:3),0.001450113,PE(18:0/18:1),4.59E-05,PC(18:2/20:0),0.00066037,gibberellic acid,8.84E-05,DG(18:1/18:1),0.44210743,SQDG(16:0/18:3),0.00486441,DG(18:1/18:3),0.0097196
TG(18:0/18:2/20:1),0.022166339,DG(18:3/18:3),0.012915688,SQDG(18:2/18:3),0.43624657,PC(14:0/18:0),0.02118372,AEG(o-18:4/16:1),0.001446956,AEG(o-16:2/16:0),4.59E-05,PC(16:0/20:4),0.00065921,TG(14:0/16:0/18:1),8.79E-05,SQDG(18:2/18:3),0.43624657,PC(18:1/14:0),0.00480664,TG(18:2/18:2/18:4),0.00963348
PG(16:0/16:0),0.021542139,PE(16:0/0:0),0.012869487,PC(14:0/22:6),0.4352347,MG(12:0),0.02110972,MGDG(16:0/18:1),0.001413517,TG(16:0/18:1/18:1),4.55E-05,PC(14:0/22:5),0.00065473,PE(18:2/18:2),8.62E-05,PC(14:0/22:6),0.4352347,TG(16:0/18:1/18:1),0.00479435,PG(16:0/18:1),0.00951237
DG(18:1/18:3),0.021275609,SQDG(18:1/18:3),0.012538298,GalCer(d18:2/22:1),0.43477896,DGDG(16:0/18:3),0.0210599,gamma-sitosterol,0.001374248,Vitamin K1,4.47E-05,TG(14:0/16:0/18:1),0.000648,MG(12:0),8.48E-05,GalCer(d18:2/22:1),0.43477896,PG(16:0/18:1),0.00477,TG(16:0/18:1/20:2),0.00943673
PC(16:0/22:5),0.020429336,PC(18:1/18:1),0.01250955,PE(16:0/20:5),0.43035686,PC(18:1/18:1),0.02050145,PC(16:0/18:2),0.001331052,SQDG(16:0/18:1),4.42E-05,"8(9)-Epoxy-5Z,11Z,14Z-eicosatrienoic acid, methyl ester",0.00063974,LPC(18:3),8.30E-05,PE(16:0/20:5),0.43035686,Cer(24:1),0.00474914,TG(18:3/18:3/18:3),0.0094129
PE(16:0/20:4),0.020404975,DGDG(18:2/18:3),0.012325451,PC(18:1/20:1),0.42669199,TG(18:1/18:1/20:3),0.02047985,DG(16:0/16:0),0.001317861,gamma-sitosterol,4.41E-05,PE(14:0/22:6),0.00062767,PC(16:0/18:0),7.62E-05,PC(18:1/20:1),0.42669199,PC(18:1/16:0),0.00473691,TG(14:0/18:3/18:3),0.00934927
PE(18:2/18:2),0.020193451,PE(18:3/18:3),0.012253015,DG(18:3/18:3),0.39888716,PE(18:0/18:2),0.02007196,TG(18:2/20:3/21:0),0.00131732,TG(14:0/16:0/16:0),4.39E-05,TG(16:0/16:0/18:1),0.00061102,Panaxcerol B,6.92E-05,DG(18:3/18:3),0.39888716,TG(14:0/14:0/16:1),0.0046939,TG(10:0/10:0/10:0),0.00934811
PE(16:0/20:5),0.020112943,PC(16:0/18:0),0.012242314,MGDG(16:0/18:3),0.39877291,beta-Carotene,0.01958417,MG(16:0),0.001316931,DG(18:2/18:2),4.37E-05,"9,12,13,TriHODE",0.0005992,"9,12,13,TriHODE",6.91E-05,MGDG(16:0/18:3),0.39877291,MGDG(18:2/18:3),0.00461998,AEG(o-16:2/16:0),0.00927572
PC(16:0/20:5),0.01982944,PC(18:0/20:2),0.012046131,TG(12:0/14:0/16:0),0.38126593,TG(16:1/20:1/22:1),0.01916007,TG(18:2/22:0/22:3),0.00131231,PC(16:0/20:5),4.33E-05,TG(16:0/18:1/20:0),0.00059644,PC(16:0/16:0),6.88E-05,TG(12:0/14:0/16:0),0.38126593,TG(14:0/16:0/18:1),0.00459908,TG(16:1/20:1/20:2),0.00916839
AEG(o-16:2/18:2),0.019130254,AEG(o-16:2/18:2),0.012043839,DG(18:2/18:2),0.37945127,DG(18:1/18:3),0.01876922,Cer(d18:2/20:1),0.001304753,PE(16:0/18:3),4.32E-05,Oxo fatty acid (18:3),0.00059263,Antheraxanthin,6.87E-05,DG(18:2/18:2),0.37945127,PE(18:0/18:1),0.00458112,.alpha.-Amyrin,0.0090763
"9,12,13,TriHODE",0.018847123,PC(16:0/18:1),0.01202122,GalCer(d18:2/20:1),0.36047595,PC(16:0/18:2),0.01863215,"8(9)-Epoxy-5Z,11Z,14Z-eicosatrienoic acid, methyl ester",0.001144759,PG(18:0/16:0),4.29E-05,AEG(o-18:4/18:2),0.00059184,PC(14:0/22:6),6.75E-05,GalCer(d18:2/20:1),0.36047595,PE(16:0/20:4),0.00455183,PC(18:1/22:1),0.00877835
SQDG(16:0/16:0),0.01858675,"14(15)-Epoxy-5Z,8Z,11Z-eicosatrienoic acid, methyl ester",0.012001028,MGDG(18:2/18:2),0.34360123,PC(16:0/20:5),0.01848877,MG(18:3),0.001090014,PA(16:0/18:2),4.25E-05,TG(18:1/18:2/18:3),0.00057933,TG(16:0/18:2/18:3),6.44E-05,MGDG(18:2/18:2),0.34360123,SQDG(16:0/18:1),0.00454063,TG(18:1/18:1/20:3),0.0087737
TG(12:0/16:0/18:1),0.018443663,PE(12:0/12:0),0.011858946,TG(16:0/18:2/18:3),0.34121031,PE(16:0/18:2),0.01834006,TG(18:1/18:3/22:0),0.001051327,MG(16:0),4.19E-05,DG(18:2/18:3),0.00057579,TG(16:0/18:1/20:0),6.42E-05,TG(16:0/18:2/18:3),0.34121031,DG(18:1/18:3),0.00452295,SM(d18:1/17:0),0.00862448
TG(18:1/18:1/20:3),0.01802602,DGDG(18:0/18:2),0.011534199,MG(18:1),0.33938064,DG(18:2/18:3),0.01830492,TG(12:0/12:0/18:2),0.001043611,TG(16:0/18:2/18:3),4.19E-05,PC(18:0/18:3),0.00057227,SQDG(16:0/18:1),6.41E-05,MG(18:1),0.33938064,TG(12:0/16:0/18:2),0.00443993,PC(18:0/20:3),0.00854012
TG(16:1/20:1/20:2),0.017462443,PC(18:1/24:1),0.01146936,TG(14:0/14:0/16:1),0.33925308,TG(18:2/20:3/22:0),0.01795458,SQDG(16:1/18:3),0.001028376,TG(14:0/16:0/18:1),4.18E-05,Cer(d18:2/20:1),0.00056653,TG(14:0/16:0/16:0),6.18E-05,TG(14:0/14:0/16:1),0.33925308,.alpha.-Amyrin,0.00438253,PC(18:3/0:0),0.00843856
PE(18:2/18:3),0.017072954,SQDG(16:0/18:1),0.011050063,TG(16:0/16:0/16:0),0.33765034,SQDG(18:3/18:3),0.01769849,PC(16:1/16:1),0.000972078,CL(18:1),4.13E-05,GalCer(d18:2/18:1),0.00056058,PC(18:1/18:1),5.84E-05,TG(16:0/16:0/16:0),0.33765034,TG(18:0/18:2/20:1),0.00436771,PC(18:1/18:2),0.00833492
TG(18:1/20:3/22:0),0.015557265,TG(16:0/16:0/16:0),0.011036117,MG(12:0),0.33749409,AEG(o-18:3/16:1),0.01761936,SQDG(16:0/18:0),0.000957667,.beta.-Sitosterol,3.99E-05,PE(18:1/18:2),0.0005526,PC(18:0/20:4),5.83E-05,MG(12:0),0.33749409,PC(18:3/0:0),0.0043145,PC(18:1/20:1),0.00823452
PC(14:0/20:4),0.015425807,DG(18:1/18:3),0.010812742,DG(18:1/2:0),0.33254632,PE(18:3/18:3),0.01715647,Panaxcerol B,0.000909717,TG(16:0/16:0/18:1),3.99E-05,MG(16:0),0.00054657,PE(18:3/18:3),5.70E-05,DG(18:1/2:0),0.33254632,DGDG(18:0/18:3),0.00428188,TG(12:0/12:0/18:2),0.00820079
GalCer(d18:2/18:1),0.015078202,Cycloartenol acetate,0.010699859,SQDG(16:0/18:3),0.32820969,AEG(o-16:2/18:2),0.01661823,DG(18:2/18:2),0.000832565,TG(18:1/18:1/20:3),3.98E-05,PC(22:0/0:0),0.00054428,PC(18:3/0:0),5.23E-05,SQDG(16:0/18:3),0.32820969,MG(16:0),0.00411914,TG(18:1/18:2/18:3),0.00812913
TG(16:0/18:1/18:3),0.014608778,PC(14:0/22:5),0.010678734,AEG(o-16:2/18:2),0.30038012,TG(18:0/18:2/20:1),0.01610633,PE(18:0/18:2),0.000774364,SQDG(16:1/18:3),3.82E-05,PS(18:0/20:4),0.00054368,TG(18:1/18:3/22:0),5.17E-05,AEG(o-16:2/18:2),0.30038012,TG(12:0/16:0/16:0),0.00408217,LPC(18:3),0.00804123
PG(16:0/18:1),0.012555687,PC(16:0/20:5),0.01040962,TG(10:0/14:0/16:0),0.2941429,PE(16:0/18:1),0.01550653,TG(14:0/16:0/16:0),0.000771639,DGDG(18:2/18:4),3.80E-05,TG(16:0/16:0/16:0),0.00053754,LPC(16:0),4.51E-05,TG(10:0/14:0/16:0),0.2941429,PC(18:1/18:2),0.00395377,DGDG(18:0/18:2),0.00765443
DG(16:0/18:2),0.011573363,DGDG(16:0/18:1),0.010301606,Vitamin K1,0.27557399,TG(14:0/14:0/16:0),0.01460957,TG(18:1/18:2/18:2),0.000564234,PC(16:0/20:3),3.66E-05,TG(14:0/16:0/16:0),0.00051982,LPE(16:0),4.32E-05,Vitamin K1,0.27557399,TG(16:0/18:0/18:2),0.00380607,PS(18:0/18:2),0.00735328
DG(18:3/18:3),0.010737244,PC(16:0/20:3),0.010033316,DG(18:1/18:3),0.26412642,MG(18:1),0.01398336,SQDG(16:0/18:2),0.000502899,TG(16:0/18:1/18:2),3.59E-05,.beta.-Amyrin,0.0004419,Cer(d18:2/20:1),3.84E-05,DG(18:1/18:3),0.26412642,PC(18:0/20:3),0.00380542,DGDG(18:2/18:4),0.00727937
TG(16:0/16:0/16:0),0.009925458,(-)-Caryophyllene oxide,0.009923544,PE(18:2/18:3),0.25947736,DG(16:0/18:2),0.01298814,AEG(o-16:3/16:0),0.00041488,DG(16:1/18:3),3.53E-05,MG(18:0),0.0004213,TG(18:0/18:2/22:0),3.56E-05,PE(18:2/18:3),0.25947736,TG(16:0/18:1/22:1),0.00378067,TG(18:2/18:2/20:2),0.00715065
DGDG(18:2/18:4),0.009833865,PC(18:1/18:2),0.009629068,DG(16:0/18:1),0.25387513,DG(18:1/18:1),0.01197771,TG(14:0/18:1/18:3),0,AEG(o-18:3/16:1),3.52E-05,TG(16:0/18:1/18:3),0.00040322,TG(18:0/18:2/20:1),2.11E-05,DG(16:0/18:1),0.25387513,SQDG(16:1/18:3),0.00377931,TG(12:0/18:1/18:1),0.00669319