Lines,PH,DTA,DTA+PH,Common,Block,Plot,Row,Range
PI641874,80.16666667,65.16666667,145.3333333,DAY MILO,1,124,17,4
PI533755,64.83333333,58.5,123.3333333,Feterita Gondal,1,123,15,4
CHECK 1,NA,NA,N/A,N/A,1,122,13,4
PI576393,81,69.16666667,150.1666667,MN 708 (preconverted),1,121,11,4
PI533762,79,66.97168712,145.9716871,Tambroro 7,1,120,9,4
PI656105,70,69.66666667,139.6666667,SC 639,1,119,7,4
CHECK 2,NA,NA,N/A,N/A,1,118,5,4
PI576366,76.00641231,66.36241164,142.368824,Jowar Red Jankinagar,1,117,3,4
PI533788,73,69,142,SAP-263,1,116,17,3
PI533833,67.66666667,71.82604131,139.492708,Sorghum Soroti,1,115,15,3
PI533760,73.66666667,74.64217025,148.3088369,Zera Zera White,1,114,13,3
PI533769,55.66666667,72.83333333,128.5,290 Feterita Shendi 2,1,113,11,3
PI655977,71.16666667,74.83333333,146,TAM2566,1,112,9,3
PI533921,59.27921116,69.30098447,128.5801956,"R1,38",1,111,7,3
PI533830,84.83333333,65,149.8333333,Culum Brick,1,110,5,3
PI659693,87.48717538,54.77517673,142.2623521,IS 2319C,1,109,3,3
PI533980,76.66666667,72.82604131,149.492708,SAP-275,1,108,17,2
PI534046,85.66666667,63.66666667,149.3333333,420 Kalatilansa,1,107,15,2
PI533792,72.5,70.22994544,142.7299454,No. 1 Gambela,1,106,13,2
PI655982,83.33333333,66,149.3333333,SAP-380,1,105,11,2
PI533866,88.5139467,61.47026738,149.9842141,255 Tirter,1,104,9,2
PI656109,82.5,65.16666667,147.6666667,SC 85,1,103,7,2
PI656120,65.25641231,72.61241164,137.868824,SC 790,1,102,5,2
PI533877,70,65.33333333,135.3333333,KA 15 Yazgar Giwa,1,101,3,2
FILL,NA,NA,N/A,N/A,1,N/A,17,1
FILL,NA,NA,N/A,N/A,1,N/A,15,1
FILL,NA,NA,N/A,N/A,1,N/A,13,1
FILL,NA,NA,N/A,N/A,1,N/A,11,1
FILL,NA,NA,N/A,N/A,1,N/A,9,1
FILL,NA,NA,N/A,N/A,1,N/A,7,1
FILL,NA,NA,N/A,N/A,1,N/A,5,1
FILL,NA,NA,N/A,N/A,1,N/A,3,1
PI533799,78.5,79.46192681,157.9619268,SAP-404,2,224,33,4
PI533750,83,73.30952467,156.3095247,K.3 Perimanjial Irungu Cholam,2,223,31,4
PI533996,91,65.66666667,156.6666667,Hamaisi 38,2,222,29,4
PI595718,92.16666667,60.83333333,153,SAP-162,2,221,27,4
PI656088,77,74.33333333,151.3333333,SC 1484,2,220,25,4
PI656021,86.83333333,67.16666667,154,44M,2,219,23,4
PI534088,99.83333333,56.83333333,156.6666667,ZA 6,2,218,21,4
PI595714,77.83333333,75.47026738,153.3036007,SAP-139,2,217,19,4
CHECK 2,NA,NA,N/A,N/A,2,216,33,3
PI534092,88.66666667,68.74646208,157.4131288,ZA 71,2,215,31,3
PI656110,83.5,72.07429941,155.5742994,SC 968,2,214,29,3
PI534054,77,74.33333333,151.3333333,194 Kano,2,213,27,3
PI576332,93.33333333,60.66666667,154,SAP-287,2,212,25,3
PI533822,84.33333333,71.83333333,156.1666667,AS4616 Balangira-Mwanza,2,211,23,3
PI597960,88,69.8590746,157.8590746,SAP-137,2,210,21,3
PI533961,84.16666667,69.66666667,153.8333333,Wit Lichtenburg DL/59/1530,2,209,19,3
PI597952,85.83333333,70.75997475,156.5933081,SAP-323,2,208,33,2
PI656052,84.24419652,67.55924279,151.8034393,N250B,2,207,31,2
CHECK 1,NA,NA,N/A,N/A,2,206,29,2
PI533954,86.83333333,68,154.8333333,P 3742,2,205,27,2
PI533955,85.5,66.7134288,152.2134288,P 3749 Q2/5/62,2,204,25,2
PI534105,78.66666667,73,151.6666667,EC 21361 G30,2,203,23,2
PI576352,88.83333333,66.68039551,155.5137288,Marupantse,2,202,21,2
PI655975,85.50641231,68.98251702,154.4889293,WHEATLAND,2,201,19,2
FILL,NA,NA,N/A,N/A,2,N/A,33,1
FILL,NA,NA,N/A,N/A,2,N/A,31,1
FILL,NA,NA,N/A,N/A,2,N/A,29,1
FILL,NA,NA,N/A,N/A,2,N/A,27,1
FILL,NA,NA,N/A,N/A,2,N/A,25,1
FILL,NA,NA,N/A,N/A,2,N/A,23,1
FILL,NA,NA,N/A,N/A,2,N/A,21,1
FILL,NA,NA,N/A,N/A,2,N/A,19,1
PI656018,92.98717538,68.77517673,161.7623521,BTx2752,3,324,49,4
PI597958,89.33333333,72.5,161.8333333,SAP-197,3,323,47,4
PI533838,94.00641231,68.11241164,162.118824,BA45 Faria Bonkum,3,322,45,4
PI533841,91.5,68.66666667,160.1666667,ZA41 Danye,3,321,43,4
PI533794,86.16666667,76.66666667,162.8333333,No. 5 Gambela,3,320,41,4
PI576373,88.5,71,159.5,SAP-325,3,319,39,4
PI576376,90.16666667,72.01147673,162.1781434,SAP-125,3,318,37,4
PI656076,80.33333333,82.66666667,163,SC 1271,3,317,35,4
PI656030,101.6666667,57.33333333,159,58M,3,316,49,3
PI595699,87.5,72.83333333,160.3333333,SAP-340,3,315,47,3
CHECK 1,NA,NA,N/A,N/A,3,314,45,3
PI597957,89.33333333,69.45517048,158.7885038,SAP-151,3,313,43,3
PI329440,93.66666667,69.12408925,162.7907559,Mashila,3,312,41,3
PI597980,95.83333333,64.33333333,160.1666667,SAP-173,3,311,39,3
PI656042,86.66666667,72.79300803,159.4596747,NSA440 - KARPER,3,310,37,3
PI534053,79.5,79.5,159,T 28,3,309,35,3
PI533948,89.83333333,69.30952467,159.142858,Nebraska 6350,3,308,49,2
PI656085,101,61.16666667,162.1666667,SC 1465,3,307,47,2
PI533754,92.16666667,67,159.1666667,SAP-219,3,306,45,2
PI533957,92,69.08748892,161.0874889,MN 707 (preconverted),3,305,43,2
CHECK 2,NA,NA,N/A,N/A,3,304,41,2
PI656007,95.33333333,66.66666667,162,R9188,3,303,39,2
PI656005,91.5,68,159.5,01MN1589-B,3,302,37,2
PI534117,92.33333333,67.45517048,159.7885038,Mashica,3,301,35,2
FILL,NA,NA,N/A,N/A,3,N/A,49,1
FILL,NA,NA,N/A,N/A,3,N/A,47,1
FILL,NA,NA,N/A,N/A,3,N/A,45,1
FILL,NA,NA,N/A,N/A,3,N/A,43,1
FILL,NA,NA,N/A,N/A,3,N/A,41,1
FILL,NA,NA,N/A,N/A,3,N/A,39,1
FILL,NA,NA,N/A,N/A,3,N/A,37,1
FILL,NA,NA,N/A,N/A,3,N/A,35,1
PI534115,87.16666667,76.66666667,163.8333333,Akwu,4,432,17,8
PI576364,97,68.16666667,165.1666667,Chari Uri,4,431,15,8
PI597966,91.16666667,72.33333333,163.5,SAP-158,4,430,13,8
PI576381,88.5,75.5,164,Mashica,4,429,11,8
CHECK 1,NA,NA,N/A,N/A,4,428,9,8
PI534132,93.2639467,72.97844345,166.2423902,"No. 59 Bekedjie, Kembolcha Ethiopia",4,427,7,8
PI533976,85.5,77.75997475,163.2599748,Framiola DL/59/1539,4,426,5,8
PI533876,112,54.33333333,166.3333333,KA 12 Janjari,4,425,3,8
PI655993,96.66666667,69.66666667,166.3333333,TX 399(DALHART RES WHTLND)B LN,4,424,17,7
PI576387,95.66666667,67.83333333,163.5,Awanlek,4,423,15,7
PI533937,99.66666667,67.33333333,167,AS 4136 Masaka Luwemba,4,422,13,7
PI533810,80.83333333,82.63729264,163.470626,Karad 2-7-11,4,421,11,7
PI533814,81.66666667,82,163.6666667,N.9 Cherukupatcha Jonna,4,420,9,7
PI629034,92.5,72.56778299,165.067783,RTx437,4,419,7,7
PI655990,89.83333333,73.72018513,163.5535185,COMBINE 7078,4,418,5,7
PI656053,87.16666667,79.61432895,166.7809956,N290B,4,417,3,7
PI533911,96,69.12408925,165.1240893,Kokla,4,416,17,6
PI576339,99.16666667,66,165.1666667,SAP-312,4,415,15,6
PI533852,88.49572107,78.94184312,167.4375642,Cholia Talijhari,4,414,13,6
PI533986,94.5,72.38234757,166.8823476,Huria White 621,4,413,11,6
CHECK 2,NA,NA,N/A,N/A,4,412,9,6
PI655998,89,74.66666667,163.6666667,KS19,4,411,7,6
PI656116,101.6666667,64.5,166.1666667,SC 1506,4,410,5,6
PI533949,102.1666667,65,167.1666667,Maja Abiad Q2/2/68,4,409,3,6
PI642793,93.25641231,73.11241164,166.368824,BTx641,4,408,17,5
PI597967,97.48717538,68.27517673,165.7623521,SAP-167,4,407,15,5
PI533987,101.1666667,66.16666667,167.3333334,Kireniga 317,4,406,13,5
PI533821,87.15071619,75.9748764,163.1255926,AS4660 Kikuma,4,405,11,5
PI533882,90.66666667,75.14217025,165.8088369,KO 61 Baragwan Doki,4,404,9,5
PI656108,98.83333333,64.33333333,163.1666667,SC 833,4,403,7,5
PI540816,85.98717538,81.27517673,167.2623521,Tx2882,4,402,5,5
PI656100,70.97964098,92.45177252,163.4314135,SC 500,4,401,3,5
PI595743,88.33333333,79.97026738,168.3036007,SAP-154,5,532,33,8
PI533936,98.33333333,70.83333333,169.1666667,1903 AS 4633,5,531,31,8
CHECK 1,NA,NA,N/A,N/A,5,530,29,8
PI656117,88.98717538,81.27517673,170.2623521,SC 172,5,529,27,8
PI656114,96.83333333,71.66666667,168.5,SC 134,5,528,25,8
PI534097,101.3333333,66.15712254,167.4904558,HC 6028,5,527,23,8
PI576396,94,76.90562055,170.9056206,SAP-225,5,526,21,8
PI656055,98.5,71.72018513,170.2201851,P-721,5,525,19,8
PI656004,101,70.93865383,171.9386538,RTX435,5,524,33,7
PI656087,105.5,63.16666667,168.6666667,SC 1476,5,523,31,7
PI655985,99.83333333,67.66666667,167.5,PLAINSMAN,5,522,29,7
PI576422,98.33333333,73.19691215,171.5302455,SAP-141,5,521,27,7
PI533757,91,77.60757261,168.6075726,Monshal,5,520,25,7
PI595739,103.5,65.83333333,169.3333333,SAP-131,5,519,23,7
PI533831,87.83333333,82.61432895,170.4476623,Deburr,5,518,21,7
PI533985,96.5,73.30952467,169.8095247,Barking 119,5,517,19,7
PI629040,95.66666667,76,171.6666667,Tx2917,5,516,33,6
PI533910,101.8333333,66.15712254,167.9904558,Klor,5,515,31,6
PI656112,104.8333333,65.16666667,170,SC 1215,5,514,29,6
PI533824,92,77.5,169.5,Bonkum,5,513,27,6
PI534167,97.97735682,71.82810628,169.8054631,F.R. Miller,5,512,25,6
PI656058,98.16666667,70.16666667,168.3333333,P9517,5,511,23,6
PI533758,95.33333333,75.83333333,171.1666667,IS 18684,5,510,21,6
PI656020,107.5064123,62.36241164,169.8688239,BTx406,5,509,19,6
CHECK 2,NA,NA,N/A,N/A,5,508,33,5
PI656002,97.5,70.7862517,168.2862517,BOK11,5,507,31,5
PI597945,99.83333333,70.5,170.3333333,SAP-336,5,506,29,5
PI533970,92.33333333,76,168.3333333,2033Z-3,5,505,27,5
PI534112,90,80.16666667,170.1666667,EC 21463 STR 5/1,5,504,25,5
PI629059,95.16666667,72.64060589,167.8072726,BTx2928,5,503,23,5
PI656019,95.83333333,72.33333333,168.1666667,BTx3042,5,502,21,5
PI533856,83,87.16666667,170.1666667,Jola Nandyal,5,501,19,5
PI655979,98.66666667,73.5,172.1666667,Tx2741,6,632,49,8
PI534155,97.66666667,75.19691215,172.8635788,"R3, 80",6,631,47,8
PI534101,103.5,74,177.5,A-106,6,630,45,8
PI533789,103.6666667,72.56446974,176.2311364,Kodilib,6,629,43,8
PI656000,106.1666667,70.52799338,176.6946601,RTx432,6,628,41,8
PI533943,97,75.34574724,172.3457472,AS 2613 NT,6,627,39,8
PI659695,103.8333333,72.26973506,176.1030684,IS 12623C,6,626,37,8
PI656068,97.16666667,81.16056562,178.3272323,SC 170-6-17,6,625,35,8
PI597961,93.48717538,78.77517673,172.2623521,SAP-138,6,624,49,7
PI329435,95.5,79.53143646,175.0314365,Mashila,6,623,47,7
PI656022,102.6666667,69.5,172.1666667,BTx615,6,622,45,7
CHECK 2,NA,NA,N/A,N/A,6,621,43,7
PI534047,113.5,60.66666667,174.1666667,450 Bori Light Brown,6,620,41,7
PI576425,106.3333333,71.5,177.8333333,SAP-150,6,619,39,7
PI655978,100.8333333,74.16666667,175,Tx2737,6,618,37,7
PI534021,87.16666667,86.27649139,173.4431581,Jola Nandyal,6,617,35,7
PI642791,98.33333333,75.83333333,174.1666667,BTx640,6,616,49,6
CHECK 1,NA,NA,N/A,N/A,6,615,47,6
PI576385,110.6666667,63.83333333,174.5,SAP-135,6,614,45,6
PI597946,111.1666667,65.16666667,176.3333334,SAP-286,6,613,43,6
PI655989,107.1666667,67.64060589,174.8072726,REDBINE-60,6,612,41,6
PI595744,109,68.34255796,177.342558,SAP-157,6,611,39,6
PI533901,105.1666667,69.96812006,175.1347868,A-96,6,610,37,6
PI533766,106.5,68,174.5,No. 4 Hadoui,6,609,35,6
PI533912,119.2639467,52.72026738,171.9842141,Mendo,6,608,49,5
PI656078,104.8333333,68.0047204,172.8380537,SC 1424,6,607,47,5
PI656010,100.6666667,76.5,177.1666667,RTx2536,6,606,45,5
PI595741,111,61,172,SAP-134,6,605,43,5
PI655986,103.1666667,74,177.1666667,CAPROCK,6,604,41,5
PI576333,100.8333333,71.22026738,172.0536007,SAP-306,6,603,39,5
PI656070,92.74021337,83.22147646,175.9616898,SC 748-5,6,602,37,5
PI655997,97.5,77.33333333,174.8333333,R TX 431,6,601,35,5
PI655987,112.6666667,69,181.6666667,MARTIN,7,732,17,12
PI656029,99.83333333,78.57453933,178.4078727,BTx642,7,731,15,12
PI564164,101.8712932,79.20035524,181.0716484,RTX433,7,730,13,12
PI656060,115.3333333,66.8590746,182.1924079,QL3-TEXAS,7,729,11,12
PI597971,108.8333333,70.04451002,178.8778433,SAP-170,7,728,9,12
PI534099,106,74.09424525,180.0942453,A 84,7,727,7,12
PI534028,92.16666667,88,180.1666667,Jonar Tamargundi,7,726,5,12
PI656009,93.66666667,86.60757261,180.2742393,RTAM428,7,725,3,12
PI656113,108.297876,72.01466602,180.312542,SC 1277,7,724,17,11
PI656106,105,77.27649139,182.2764914,SC 695,7,723,15,11
PI595702,116.6666667,63.5,180.1666667,SAP-311,7,722,13,11
PI597968,111.8333333,67.26973506,179.1030684,SAP-168,7,721,11,11
CHECK 2,NA,NA,N/A,N/A,7,720,9,11
PI656069,87.33333333,91.66666667,179,SC 326-6,7,719,7,11
PI613536,112.6690804,66.9177844,179.5868648,KS 115,7,718,5,11
PI655992,112.1666667,69.33333333,181.5,TX 3197 (COMB KAFIR 60) B LINE,7,717,3,11
PI534135,91.83333333,90.33333333,182.1666667,No. 64 Netch Addesho Ethiopia,7,716,17,10
PI533845,107.4871754,73.27517673,180.7623521,EC 18246 (preconverted),7,715,15,10
CHECK 1,NA,NA,N/A,N/A,7,714,13,10
PI534128,97.5,81.20794492,178.7079449,"No. 65 Amelsie, Kimbolcha Ethiopia",7,713,11,10
PI533878,106.2214247,75.32726142,181.5486861,KA 21 Gajerar Kaura,7,712,9,10
PI533759,108.9464491,71.98942386,180.935873,Mugbash 56/56,7,711,7,10
PI574455,96.5,85.22026738,181.7202674,BTx638,7,710,5,10
PI533964,103.1666667,77.16666667,180.3333334,"Safara, Kordafan",7,709,3,10
PI595745,108.4871754,70.27517673,178.7623521,SAP-159,7,708,17,9
PI533913,116.1666667,66.01823307,182.1848998,Nyan Dok,7,707,15,9
PI656016,104.5,76.83333333,181.3333333,B KS66,7,706,13,9
PI533924,99,80.83333333,179.8333333,"R3,121",7,705,11,9
PI656077,111.3333333,70,181.3333333,SC 1416,7,704,9,9
PI585291,105.6666667,73.83333333,179.5,Tx2903,7,703,7,9
PI585295,95.50625005,84.82810628,180.3343563,Tx2907,7,702,5,9
PI655988,111.5,69.66666667,181.1666667,COMBINE KAFIR-60,7,701,3,9
PI576350,129,56.81074478,185.8107448,SAP-417,8,832,33,12
PI656104,115.8333333,67.05126635,182.8845997,SC 621,8,831,31,12
PI576394,114.5,70.33333333,184.8333333,Lambas,8,830,29,12
PI533785,119,66.16666667,185.1666667,SO 16,8,829,27,12
PI534114,108.2312745,77.45835976,185.6896343,Accho Karuho,8,828,25,12
PI533919,107.6666667,75,182.6666667,"R1,4",8,827,23,12
PI533965,109.8333333,75.83333333,185.6666666,SAP-148,8,826,21,12
PI576386,94.83333333,88.46868315,183.3020165,SAP-347,8,825,19,12
CHECK 1,NA,NA,N/A,N/A,8,824,33,11
PI534070,120.5,63.16666667,183.6666667,BE 25,8,823,31,11
PI533839,111.7540065,71.25021445,183.004221,K037 Camjin,8,822,29,11
PI656006,110.5,75.5,186,88V1080,8,821,27,11
PI561071,108.8333333,75.66666667,184.5,RTx436,8,820,25,11
PI656075,110.1666667,75.33333333,185.5,SC 1251,8,819,23,11
PI533979,117.1666667,65.33333333,182.5,Bulfontein White Kafir Corn DL/60/133,8,818,21,11
PI576428,109.8333333,74.66666667,184.5,Mashica,8,817,19,11
PI534096,124,59.83333333,183.8333333,SO 85,8,816,33,10
PI533940,116,67.33333333,183.3333333,AS 4601 Pawaga,8,815,31,10
PI655991,116.6666667,69.08429964,185.7509663,TX 378 (REDLAN) B LINE,8,814,29,10
PI533967,102.8333333,79.66666667,182.5,SB-283,8,813,27,10
PI597965,110.6666667,72.66666667,183.3333334,SAP-395,8,812,25,10
PI597972,115.8333333,67.45517048,183.2885038,SAP-398,8,811,23,10
PI534079,123.3333333,61.66666667,185,PL 47,8,810,21,10
PI533997,120,62.33333333,182.3333333,MN 1592 (preconverted),8,809,19,10
PI659691,113.3720123,71.36705103,184.7390633,COMBINE HEGARI,8,808,33,9
PI534148,108.7380751,75.77771149,184.5157866,"R1, 21",8,807,31,9
PI656092,96.16666667,86.66666667,182.8333333,SC 25,8,806,29,9
PI597973,111.6666667,71.5,183.1666667,SAP-171,8,805,27,9
CHECK 2,NA,NA,N/A,N/A,8,804,25,9
PI534157,102.5,80.83333333,183.3333333,"R4, B1",8,803,23,9
PI534163,100.8333333,81.66666667,182.5,Rexx,8,802,21,9
PI656119,121.5,62.33333333,183.8333333,SC 386,8,801,19,9
PI576426,105.3333333,82.16387887,187.4972122,SAP-128,9,932,49,12
PI533902,110.3333333,80.83333333,191.1666666,"Orange No. l, Baijo",9,931,47,12
PI576390,113.6666667,75.5,189.1666667,Kharuth Waragel,9,930,45,12
PI533903,115.8333333,75.16666667,191,No. 35 Mab,9,929,43,12
PI607931,111.5,77,188.5,Tx2911,9,928,41,12
PI533956,121.8333333,68.05126635,189.8845997,MN 586 (preconverted),9,927,39,12
PI548797,116,76,192,Tx2891,9,926,37,12
PI534138,124.4871754,63.27517673,187.7623521,Matchikah,9,925,35,12
PI533989,108.3333333,83.33333333,191.6666666,Nyithin,9,924,49,11
PI597964,109.1666667,82.66666667,191.8333334,SAP-166,9,923,47,11
PI564165,104,83.31628101,187.316281,RTX434,9,922,45,11
PI534123,112.6666667,77.5,190.1666667,"No. 25 Gobo, Kaichama Ethiopia",9,921,43,11
PI533972,106.6666667,81.53143646,188.1981032,Dobbs,9,920,41,11
PI597982,131.1666667,58.77684581,189.9435125,SAP-175,9,919,39,11
PI534133,107.8487441,83.83333333,191.6820774,"No. 69 Mashela Tinguish, Warakul Ethiopi",9,918,37,11
PI655996,112,74.66666667,186.6666667,RTx430,9,917,35,11
PI533991,124.3333333,67.97844345,192.3117768,Sinidyil 177,9,916,49,10
PI534116,111.4134489,76.9321685,188.3456174,Mashica,9,915,47,10
CHECK 1,NA,NA,N/A,N/A,9,914,45,10
PI656040,104.8333333,84.94541017,189.7787435,K886,9,913,43,10
CHECK 2,NA,NA,N/A,N/A,9,912,41,10
PI656001,104.6666667,83.70242806,188.3690948,TX2783,9,911,39,10
PI597951,124.5,64.66666667,189.1666667,SAP-264,9,910,37,10
PI595720,108.6666667,78.54150605,187.2081728,SAP-149,9,909,35,10
PI533855,122.1666667,68.33333333,190.5,Chanan Singoo,9,908,49,9
PI656091,93.66666667,96.06813741,189.7348041,SC 22,9,907,47,9
PI656041,110,80.83333333,190.8333333,80M,9,906,45,9
PI659696,119.6666667,69.16666667,188.8333334,IS 7151C,9,905,43,9
PI561072,111.2312745,79.52442632,190.7557008,A/BTxARG-1,9,904,41,9
PI576345,117.3333333,70.01147673,187.34481,SAP-294,9,903,39,9
PI533863,120.8333333,67.01466602,187.8479993,740 Oua Berr,9,902,37,9
PI533752,112.1666667,78.94541017,191.1120769,54.K.94(Witchweed res.),9,901,35,9
CHECK 2,NA,NA,N/A,N/A,10,1032,17,16
PI656082,115.7329485,86.5,202.2329485,SC 145,10,1031,15,16
PI656094,135.6666667,65.66666667,201.3333334,SC 301,10,1030,13,16
PI534075,133.8333333,67.66666667,201.5,KA 24,10,1029,11,16
PI576375,118.3333333,74.66666667,193,SAP-124,10,1028,9,16
PI656031,120.3333333,73.01147673,193.34481,CE151-262-A1,10,1027,7,16
PI534037,123.1666667,71,194.1666667,6428 Sian,10,1026,5,16
PI533776,125.8575592,71.03510413,196.8926633,KA 3,10,1025,3,16
PI656080,136.1666667,66.15712254,202.3237892,SC 1429,10,1024,17,15
PI534145,135.1728343,61.88110714,197.0539414,No. 902 Sorghum arundi,10,1023,15,15
PI534127,128,74.16666667,202.1666667,"No. 37 Ubi, Abelti Ethiopia",10,1022,13,15
PI656056,115.1666667,78.33333333,193.5,P850029,10,1021,11,15
PI576380,120,79.33333333,199.3333333,Mashica,10,1020,9,15
PI533842,101.3333333,92.00723234,193.3405656,Nandyal,10,1019,7,15
PI656089,130.1666667,70.33333333,200.5,SC 1489,10,1018,5,15
PI659694,122.5,79.16666667,201.6666667,Tortillerio,10,1017,3,15
PI533800,120.1666667,78.66666667,198.8333334,IS 12666C,10,1016,17,14
PI564163,125.3333333,73.83333333,199.1666666,BTx623,10,1015,15,14
PI656121,134.3333333,61,195.3333333,SC 947,10,1014,13,14
PI656118,118.8985124,79.12727854,198.0257909,SC 332,10,1013,11,14
PI656102,132,64.33333333,196.3333333,SC 59,10,1012,9,14
PI595740,125.5,73.97026738,199.4702674,SAP-133,10,1011,7,14
PI552856,123.08308,73.76243549,196.8455155,A/BTx626,10,1010,5,14
PI48770,139.3333333,56.5,195.8333333,WHITE KAFIR,10,1009,3,14
PI576435,125,74.12408925,199.1240893,Lula,10,1008,17,13
PI656046,128.8333333,69.08429964,197.9176329,LianTang Ai,10,1007,15,13
CHECK 1,NA,NA,N/A,N/A,10,1006,13,13
PI533871,129.8333333,66.9318975,196.7652308,M 1,10,1005,11,13
PI534137,123,77.05470944,200.0547094,Budy,10,1004,9,13
PI656061,119.746211,80.87294534,200.6191563,QL3(India),10,1003,7,13
PI656103,130.5,69.16666667,199.6666667,SC 610,10,1002,5,13
PI533869,126.1666667,69.04451002,195.2111767,Msumbji SB 117,10,1001,3,13
PI656071,124.6666667,82.5,207.1666667,SC 1019,11,1132,33,16
PI597950,136.5,66.33333333,202.8333333,SAP-250,11,1131,31,16
PI533962,126.5,75.83333333,202.3333333,Malwal Aweil,11,1130,29,16
PI534108,132,72.66666667,204.6666667,EC 21428 SB 63,11,1129,27,16
PI597949,124.1666667,79.93865383,204.1053205,SAP-146,11,1128,25,16
PI656033,133.1666667,79.5,212.6666667,60M,11,1127,23,16
PI656072,120.4871754,89.77517673,210.2623521,SC 1047,11,1126,21,16
PI656093,131.6666667,71.34255796,203.0092247,SC 295,11,1125,19,16
PI576349,143.8333333,70.01147673,213.84481,SAP-343,11,1124,33,15
PI533761,127.4957211,76.27292434,203.7686454,SAP-230,11,1123,31,15
PI561073,132.6666667,80.66666667,213.3333334,A/BTx635,11,1122,29,15
PI152651,146.6666667,66.16666667,212.8333334,Feterita Geshaish,11,1121,27,15
PI576337,137.3333333,73.56778299,210.9011163,SAP-280,11,1120,25,15
PI576347,139.5,68.96314691,208.4631469,SAP-342,11,1119,23,15
PI534009,129.5,84.16056562,213.6605656,Yerra Jonna Goda,11,1118,21,15
CHECK 1,NA,NA,N/A,N/A,11,1117,19,15
PI552861,126.3333333,80,206.3333333,A/BTx631,11,1116,33,14
PI656096,137.3722731,66,203.3722731,SC 391,11,1115,31,14
PI533915,131.3333333,71.83333333,203.1666666,No. 755 Muzeba,11,1114,29,14
PI656048,119,83.87258727,202.8725873,Malisor 84-7,11,1113,27,14
CHECK 2,NA,NA,N/A,N/A,11,1112,25,14
PI655976,152.5,63.10879271,215.6087927,RED KAFIR,11,1111,23,14
PI542718,144.6666667,66.5,211.1666667,SAN CHI SAN,11,1110,21,14
PI534063,143.229641,67.73650005,210.9661411,BO 36,11,1109,19,14
PI656051,120.297876,87.63703884,207.9349148,MR732,11,1108,33,13
PI576340,137.6666667,74.97844345,212.6451102,Nkuli Swaziland,11,1107,31,13
PI533807,138.2564123,74.34051194,212.5969242,SAP-206,11,1106,29,13
PI656044,123.3333333,82.33333333,205.6666666,Kuyuma,11,1105,27,13
PI656026,121.8333333,83.5,205.3333333,SOBERANO,11,1104,25,13
PI656095,136.2512978,71.73660849,207.9879063,SC 373,11,1103,23,13
PI655984,135.1673268,67.66666667,202.8339935,CHILTEX,11,1102,21,13
PI576401,130.3333333,80.47026738,210.8036007,"Mehra, Sonthia",11,1101,19,13
PI656025,152.7564123,65.86241164,218.6188239,Shan Qui Red,12,1232,49,16
CHECK 3,NA,NA,N/A,N/A,12,1231,47,16
PI565121,142.1666667,76.1935989,218.3602656,MACIA,12,1230,45,16
PI656059,137.3333333,79.39417988,216.7275132,Pinolero 1,12,1229,43,16
PI533939,158.3333333,70.16666667,228.5,AS 4055 N Kambwa,12,1228,41,16
PI656049,160.1666667,75.16666667,235.3333334,Marupantse,12,1227,39,16
PI533938,159.6666667,67.83333333,227.5,AS 5826 Holcus,12,1226,37,16
PI656015,158,69.83333333,227.8333333,Ajabsido,12,1225,35,16
PI656008,150.6666667,79.66666667,230.3333334,RCV,12,1224,49,15
PI656107,145,82.66666667,227.6666667,SC 702,12,1223,47,15
PI576399,157.8333333,66,223.8333333,IS 3515C,12,1222,45,15
PI656057,137.3333333,90.16666667,227.5,P898012,12,1221,43,15
PI656083,154.5,67.5,222,SC 1451,12,1220,41,15
CHECK 1,NA,NA,N/A,N/A,12,1219,39,15
PI656037,160.3333333,73.66666667,234,ICSV 401,12,1218,37,15
PI576418,138.8333333,83.79976437,222.6330977,SAP-147,12,1217,35,15
PI656012,131.8333333,86,217.8333333,90M,12,1216,49,14
PI656111,142.3333333,76.86583093,219.1991642,SC 971,12,1215,47,14
PI656023,168,64,232,Segaolane,12,1214,45,14
PI656027,144.9073275,81.33333333,226.2406608,SRN39,12,1213,43,14
PI656034,137.6666667,82.83333333,220.5,Dorado,12,1212,41,14
PI656011,133.8333333,87.86927402,221.7026073,90EON328,12,1211,39,14
PI656097,133.4871754,92.77517673,226.2623521,SC 480,12,1210,37,14
PI656090,157.3333333,70.15712254,227.4904558,SC 1494,12,1209,35,14
PI533843,143.8333333,73,216.8333333,SV 34,12,1208,49,13
PI576391,150.8333333,79.83333333,230.6666666,K.1 Irungu cholam,12,1207,47,13
PI656062,129,86.80828424,215.8082842,96CD635,12,1206,45,13
PI656003,142.9797499,73.20998269,216.1897326,B AZ9504,12,1205,43,13
PI655974,162.6666667,68.83333333,231.5,TEXAS BLACKHULL KAFIR,12,1204,41,13
PI656086,157.3333333,69.33333333,226.6666666,SC 1471,12,1203,39,13
CHECK 2,NA,NA,N/A,N/A,12,1202,37,13
PI576348,153.3333333,73,226.3333333,SAP-341,12,1201,35,13
FILL,NA,NA,N/A,N/A,13,N/A,17,20
FILL,NA,NA,N/A,N/A,13,N/A,15,20
FILL,NA,NA,N/A,N/A,13,N/A,13,20
FILL,NA,NA,N/A,N/A,13,N/A,11,20
FILL,NA,NA,N/A,N/A,13,N/A,9,20
FILL,NA,NA,N/A,N/A,13,N/A,7,20
FILL,NA,NA,N/A,N/A,13,N/A,5,20
FILL,NA,NA,N/A,N/A,13,N/A,3,20
CHECK 1,NA,NA,N/A,N/A,13,1324,17,19
PI655970,175.1666667,75.34931429,250.515981,Standard Blackhull Kafir,13,1323,15,19
PI656101,181.5,59,240.5,SC 525,13,1322,13,19
PI656043,166.4871754,88.77517673,255.2623521,KAT83369,13,1321,11,19
PI655972,178.5,67.60757261,246.1075726,PINK KAFIR,13,1320,9,19
PI534144,164.1666667,74.5,238.6666667,Kabutuwa,13,1319,7,19
PI656065,178,69.65263008,247.6526301,Koro Kollo,13,1318,5,19
PI601816,177,82.16666667,259.1666667,ICSV 400,13,1317,3,19
PI533927,169.3333333,70.16666667,239.5,J.A.T.S. #67,13,1316,17,18
CHECK 2,NA,NA,N/A,N/A,13,1315,15,18
PI576359,154.6666667,81.05126635,235.7179331,Butivori,13,1314,13,18
PI656024,156.6666667,89.33333333,246,SEPON82,13,1313,11,18
PI24969,182.1666667,79.83333333,262,DWARF YELLOW MILO,13,1312,9,18
PI656081,192.9871754,58.27517673,251.2623521,SC 1439,13,1311,7,18
PI655994,181.5,65.66666667,247.1666667,WILEY,13,1310,5,18
PI656098,179.8333333,56.5,236.3333333,SC 49,13,1309,3,18
PI656017,151,105.3333333,256.3333333,100M,13,1308,17,17
PI534124,169.1666667,79.16666667,248.3333334,"No. 28 Lyle, Marawa Ethiopia",13,1307,15,17
PI534139,170.4871754,65.27517673,235.7623521,Tuery 11,13,1306,13,17
PI597976,168.6666667,67.33333333,236,SAP-172,13,1305,11,17
PI656073,198.6666667,59.16666667,257.8333334,SC 1074,13,1304,9,17
PI576437,171.0762395,68.33333333,239.4095728,SAP-155,13,1303,7,17
PI656079,165.9956813,70.23670177,236.2323831,SC 1426,13,1302,5,17
PI655995,188.3333333,81.48489051,269.8182238,DEER,14,1301,3,17
FILL,NA,NA,N/A,N/A,14,N/A,33,20
FILL,NA,NA,N/A,N/A,14,N/A,31,20
FILL,NA,NA,N/A,N/A,14,N/A,29,20
FILL,NA,NA,N/A,N/A,14,N/A,27,20
FILL,NA,NA,N/A,N/A,14,N/A,25,20
FILL,NA,NA,N/A,N/A,14,N/A,23,20
FILL,NA,NA,N/A,N/A,14,N/A,21,20
FILL,NA,NA,N/A,N/A,14,N/A,19,20
PI656013,191.6666667,72.26973506,263.9364018,94Q63 ,14,1424,33,19
PI542406,184,97.46192681,281.4619268,R LINE AR2002,14,1423,31,19
PI34911,179.6666667,86.9023073,266.568974,F.C.I. 4201,14,1422,29,19
PI656014,202.3333333,75.83333333,278.1666666,Acme Broomcorn,14,1421,27,19
PI656035,219.8333333,68.30621142,288.1395447,El Mota ,14,1420,25,19
PI641836,234.3333333,79.75321841,314.0865517,ROX ORANGE,14,1419,23,19
PI656028,251.3333333,72.83333333,324.1666666,Town ,14,1418,21,19
PI655999,206.3333333,72.25966547,278.5929988,TX2784,14,1417,19,19
PI598070,222.8333333,79.44510089,302.2784342,RTx2910,14,1416,33,18
PI653617,244,69.15712254,313.1571225,KELLER,14,1415,31,18
PI641824,238.2173178,74.83598693,313.0533047,KANSAS ORANGE,14,1414,29,18
PI656036,183.8333333,83.72694147,267.5602748,ICSV 1089BF,14,1413,27,18
PI561472,185.3333333,82.52108332,267.8544166,SURENO,14,1412,25,18
CHECK 1,NA,NA,N/A,N/A,14,1411,23,18
PI655980,234.5150652,76.37294534,310.8880105,Tx2785,14,1410,21,18
PI659753,181.3333333,90.33333333,271.6666666,IS 5590C,14,1409,19,18
PI656047,244.1666667,83.33333333,327.5,M35-1,14,1408,33,17
PI576130,241.3333333,86.69390819,328.0272415,ICSV 745,14,1407,31,17
PI576434,179.5,89.33217687,268.8321769,Ex-Mubi,14,1406,29,17
PI642992,204.8333333,73,277.8333333,Standard Early Hegari,14,1405,27,17
PI17548,214,66,280,RED AMBER,14,1404,25,17
PI656050,220,66.83333333,286.8333333,Mota Maradi,14,1403,23,17
CHECK 2,NA,NA,N/A,N/A,14,1402,21,17
PI656067,326.0064123,135.8350276,461.8414399,Rambharose,15,1401,19,17
FILL,NA,NA,N/A,N/A,15,N/A,49,20
FILL,NA,NA,N/A,N/A,15,N/A,47,20
FILL,NA,NA,N/A,N/A,15,N/A,45,20
FILL,NA,NA,N/A,N/A,15,N/A,43,20
FILL,NA,NA,N/A,N/A,15,N/A,41,20
FILL,NA,NA,N/A,N/A,15,N/A,39,20
FILL,NA,NA,N/A,N/A,15,N/A,37,20
FILL,NA,NA,N/A,N/A,15,N/A,35,20
PI598069,254.8333333,84,338.8333333,RTx2909,15,1524,49,19
PI533998,NA,NA,N/A,Brawley,15,1523,47,19
PI655983,278.6666667,81.97026738,360.6369341,SUGAR DRIP,15,1522,45,19
PI35038,203.5990511,76.16031182,279.7593629,SUMAC,15,1521,43,19
CHECK 1,NA,NA,N/A,N/A,15,1520,41,19
PI641849,197.3333333,56.16666667,253.5,WACONIA,15,1519,39,19
PI656074,292.8333333,65.5,358.3333333,SC 1218,15,1518,37,19
PI653616,269,86.30528028,355.3052803,WRAY,15,1517,35,19
PI651496,296.6979339,85.3196394,382.0175733,RIO,15,1516,49,18
PI566819,309.5,89.83333333,399.3333333,DELLA,15,1515,47,18
PI656064,NA,NA,N/A,Chiragon-2,15,1514,45,18
PI642998,289,72.16666667,361.1666667,Black Spanish,15,1513,43,18
PI656039,293.3333333,81.66732099,375.0006543,JOCORO,15,1512,41,18
PI655981,271.7564123,64.55053737,336.3069497,SAP-50,15,1511,39,18
PI656054,348.0064123,96.28390288,444.2903152,N'Tenimissa,15,1510,37,18
PI609456,344.0064123,102.0594652,446.0658775,SAP-386,15,1509,35,18
PI656066,313.0064123,117.2839029,430.2903152,Lakahiri,15,1508,49,17
PI651492,283.0064123,102.0594652,385.0658775,COWLEY,15,1507,47,17
PI655973,184,73.90562055,257.9056206,SPUR FETERITA,15,1506,45,17
CHECK 2,NA,NA,N/A,N/A,15,1505,43,17
PI276837,306.7564123,107.5594652,414.3158775,IS 12661,15,1504,41,17
PI656099,158,94.38910391,252.3891039,SC 498,15,1503,39,17
PI656038,276.5,85,361.5,IS 8525(J),15,1502,37,17
PI656032,277.6666667,81.83333333,359.5,CE260-12-1-1,15,1501,35,17