"sample.id","EV1","EV2","EV3","EV4","EV5","EV6","EV7","EV8","EV9","EV10"
"PI533830",-0.0161732053374697,-0.0296127691032158,-0.0277152058800765,0.0103797811610327,-0.00530263997675223,0.00758986635815865,-0.00556808607603128,0.0180762801482572,-0.0488698075733289,-0.00685082520724422
"PI533915",0.0109697386738274,-0.00294177291127395,0.0175330679516247,-0.0114027481266643,-0.00358059119409306,-0.0764982836944814,-0.0698426005434625,0.034090512954129,-0.0139745762738583,0.019160405338872
"PI533949",-0.0490733636385479,0.0367849023432156,-0.0405976702819038,0.00348395506321457,-0.0165310979670005,-0.0103319201252641,0.0397873082947118,0.068024283334452,-0.0548668183047699,-0.0310066405169509
"PI576337",0.021199072589776,-0.00749356801915642,0.0563090638940657,-0.0159847824192004,-0.0184442428373889,0.0106878326502929,0.0139016568541853,0.0240776501608999,0.0142738658494682,0.0188106110415811
"PI576396",-0.0672485331996277,0.0321926793702155,-0.0888875468338804,-0.0171206389109348,-0.00278120873898561,0.0010793834881535,-0.0101336204830451,-0.053428388325233,-0.0412922091202807,-0.0206780089951519
"PI576434",-0.044884614747848,0.0102304197167549,-0.0624190389653351,-0.0086747670708218,0.0172861644708372,0.0258606248730676,-0.0537114516024878,0.0219111152432522,-0.0154258076627398,-0.000229120007063002
"PI655987",0.0956894740573874,0.0545742556988069,0.00814958638579666,0.0389086295882492,-0.0893232433295106,0.0672220960521573,-0.00272872433362459,-0.013817327937491,0.0511742071689455,-0.0672069908541974
"PI656020",0.064579503701333,0.0385097333165972,0.0559727038264338,0.0529344727189185,-0.0218777263316479,0.062801894187678,0.00579109988989548,0.076382845650885,-0.0514418460063497,-0.046479090612414
"PI533903",0.0130503799591609,-0.0582103566755896,-0.0380665769321722,-0.0270586243979962,0.110362306136356,0.0498758721983379,-0.0920283405033274,0.0701925790842287,0.00337993307582311,0.00111064828733874
"PI656007",0.0302348581498998,0.052569194455694,0.0047131769031833,0.0370084365745468,-0.00124604930534891,0.0191133510600191,0.00600163708878332,0.00880096651905176,-0.0440049889666422,-0.0560197157450081
"PI534047",-0.033358351512638,-0.00131971309503126,0.0299590447820547,0.0103186844674152,-0.0315696061435607,-0.0673403080397633,-0.021084455266934,0.0928958866339123,-0.032942500857197,-0.000874671183979702
"PI533785",0.0152783260962604,-0.0272959212406282,0.0449529977350123,-0.155945027759487,0.000761205804486338,0.0260364570909275,0.0506835716458335,-0.0535566983387992,-0.00538987626607935,-0.028820245062539
"PI533831",-0.0469994121961708,-0.0228077916530692,-0.00807716969528213,-0.0152983024327086,-0.0831164344042421,-0.054333631379494,-0.0716391971084478,0.0354602358439191,0.0376645462479559,0.0179873572049787
"PI552861",0.00910617154262345,0.075564831745732,0.0199803175920928,0.043672460968973,0.0263387101340866,0.00474440394969669,0.0185797605164139,0.0187570408570893,-0.0503354802911849,-0.0204421519998774
"PI34911",-0.0701946460158011,0.0364055211003438,-0.0556435518626485,0.0109948934427044,-0.0498806188598637,-0.0017766587271816,0.0799584806983796,0.130741576367697,0.00266603556067974,0.0226085797382925
"PI35038",0.0909934380022969,0.0603573878134899,-0.000620747991884782,0.00847244647633337,0.0119942398340529,-0.0268661798078023,-0.0110084002788228,-0.000721589937148614,0.00183010040551549,0.0052907952386738
"PI48770",0.100851560129514,0.0820817952123323,-0.00276825837900452,0.0101205850283183,-0.00495465071140854,-0.0130561805693588,-0.0199909324106039,0.00217033338917728,-0.00531334895584154,-0.0123503289039265
"PI533750",0.0105283593803075,-0.0741585596713531,-0.011741683787676,0.0402380860402703,0.0199068650066878,0.0738109243495977,-0.018412877280221,0.0115268893944193,-0.101613091798859,0.0149480029888275
"PI533754",0.00242723488370256,-0.0615339360510812,0.0204506164506712,0.00307579191904269,0.00444617332324708,-0.00978708984555299,-0.0206142861688479,0.0261236368148063,-0.0234112433653791,-0.0222845985295987
"PI533755",-0.0274556431314281,-0.040474440217532,0.0272202243927411,-0.00773033168032663,-0.0981122263708652,-0.122740949945221,-0.0747794839950079,0.105546275674325,0.0258239469301387,0.0215044359180544
"PI533757",-0.0759184059900268,0.0476679201547349,-0.0396801520713366,0.026513530547394,0.0250974757287097,0.0228463790067789,0.0449938760380529,0.0152044288466705,-0.0649858753142692,-0.0147919867729266
"PI533758",-0.0552943318233829,0.0431767197113019,-0.0392032840136359,0.0284553624038404,-7.62930699168093e-05,0.0165724359714033,0.0453319548084788,0.00207853107905861,-0.0428045866001855,0.00232255883791926
"PI533760",-0.0756943926269283,0.0450703924490216,-0.0243476686842657,0.0164680460263085,0.0310998956535654,0.00264677273221202,0.0427235715293623,-0.00836807838063019,-0.0332939815299725,-0.00777767517748231
"PI533761",-0.0337246786844554,-0.00454829173865011,0.000245206896353261,-0.0334472703378054,-0.0537452774613277,-0.0573412213324881,-0.0227830778481538,0.0435822599541329,-0.0115852169925602,-0.0214541593093531
"PI533762",-0.0358406438976408,-0.00207890835232052,-0.058958330140739,-0.0231382628839227,-0.052010437607008,-0.0208996656295122,-0.0292355955522992,0.0431586940236157,-0.0361156883273921,-0.0186065002727137
"PI533766",0.00217944600312427,-0.0248210458539046,0.0332646896648353,-0.135815375092365,-0.0166605943570164,0.0171740464227512,0.0314051001214577,-0.0588873576346946,-0.0265631907350286,0.00173046971076599
"PI533769",-0.0427397403207076,0.000227806839837017,-0.0420305656252351,-0.00337154825014228,-0.0320538315314827,-0.00982254209185152,-0.0117276683720695,0.032411348419789,-0.00271192358018885,-0.00567976271889282
"PI533776",0.00402866594798002,-0.0319578004538574,0.0526425312993464,-0.14974967655269,-0.0382740421364721,0.00729210262588957,0.0426115742955285,-0.0581239351095631,-0.0505624971676575,-0.0250996943796435
"PI533788",-0.0168529922078173,-0.028833316999719,-0.0510862961795624,0.0274303218276476,0.0103978380675208,-0.0347568122465216,0.0484353099774577,0.00369918323205916,-0.0280236343098255,-0.0116244134770591
"PI533789",-0.0242289025041088,-0.0132734065721945,0.0208658702359235,-0.0119718582071193,-0.0527711472896793,-0.0732983177540986,-0.0386218233141871,0.0422048109703745,-0.0160777384998189,-0.027253576392647
"PI533794",-0.0913338148164407,0.049997693587395,-0.00132028649114466,0.0446718142903573,0.0550838615857183,0.041462350521727,0.0304156178020221,-0.0252733335507107,-0.0193257152414783,-0.0352979316398395
"PI533799",-0.0839699244426953,0.061552760838161,0.00597201104368211,0.0382913174094405,0.0588751758094102,0.0287410455396236,0.0261273439994999,-0.010182880477388,-0.0362142821751011,-0.0269613586225586
"PI533800",-0.0722851319484433,0.0219585102643455,0.07138682243194,0.041630327444789,0.0319492271107351,0.00925589666948738,-0.0361867322593129,-0.0445219793475321,0.0431162436639564,0.0047301343677626
"PI533807",-0.0434094201115428,0.0102553430656749,-0.0320043127287832,-0.00912850163459757,0.0213254027214009,0.0299597859683349,-0.0350395865892477,0.0769250323671321,-0.0325243863304862,0.014069654988422
"PI533810",0.0233132702654585,-0.0813114970123668,-0.0191494386314229,0.0728073006020538,0.0378185306772217,-0.0215903406121577,0.076472281339067,-0.085465284590199,-0.0473014472618457,-0.0354339375846847
"PI533814",0.0164842371537491,-0.103563158829546,-0.0184642544182848,0.0592701485059832,0.0176299674114708,-0.0783735378622883,0.0740301165936655,-0.0772716244287933,-0.0122308742419527,-0.0626024179277313
"PI533821",0.0181137166384454,0.00748574874553258,-0.0342900776829076,-0.0443742273166955,0.0397068716565036,-0.00366520964235977,-0.141642513991244,0.0209981657009885,-0.0488245961310951,-0.0137752876545113
"PI533822",-0.0455412866710902,0.0248153178023133,-0.070578492749647,-0.0205565686121159,-0.0127634229164711,0.0141931385575606,0.0031076376859665,-0.0112805175016789,-0.0134306748996163,0.0364447889618202
"PI533824",-0.00589583165268223,-0.0597378483300218,-0.0638370939084619,-0.0148933950531164,0.0529356342331436,0.04014930790487,-0.123791782879299,0.0126632640914426,-0.0218533618873201,-0.0235701639583019
"PI533833",-0.0501719716598959,0.0300067193538879,-0.0275759227471309,0.0114018402913335,0.0320439852806501,-0.00597733723386977,-0.0110870841001979,-0.00998186373867193,-0.0529945305725049,0.0258295511269445
"PI533841",0.00576914665352656,-0.0102374654912742,0.054229984913967,-0.116117579097231,-0.00334757363801561,0.0140727985333396,0.0408297018728719,-0.0187386746458233,-0.0464030957261915,-0.00194187368422561
"PI533842",0.0137617064928258,-0.0964967104633931,-0.0279040787362968,0.0755292777682711,0.0182996330747785,-0.080433861744072,0.0761311763503298,-0.107167579111466,-0.0151141685798027,-0.108550493004187
"PI533843",0.027323460412396,-0.0284499345903516,-0.0630165376577655,-0.0112271758225292,0.00940506295820061,-0.00121973737525416,0.0220792304310002,-0.127764920099961,-0.0231425697787629,0.155013542210999
"PI533852",0.0147332975120808,-0.0619747224912068,0.0089047189840471,0.0594288958598448,0.0339479064949818,-0.0774592243527413,0.0306774863495329,-0.0163950673053864,-0.0583536247012905,-0.0638338640291105
"PI533856",0.0273264212591809,-0.0735062371901049,0.019439957084948,0.0821774211816609,0.0162089761149793,-0.0689169803370741,0.0661231239172467,-0.0220456829208438,-0.0236007921660513,-0.069351987406981
"PI533866",0.0022188790677425,-0.0280153202353183,0.0693103006698158,-0.0878092403312141,-0.0068971538512805,0.0279522430979918,0.0323026305782432,0.041158631891063,-0.0492887846861729,-0.015978101767063
"PI533869",0.0402438187202662,0.0376173470262607,-0.037053307964049,-0.0592241183060913,0.0466122870325935,-0.0202446033489781,-0.0238101156526312,-0.0711682229857694,-0.0402311081367741,0.150084803868741
"PI533871",-0.0049808727717465,-0.0118987290924331,0.0549505791686078,-0.101502156377667,-0.00745648656696922,-0.009899140541377,0.000928263249987023,0.00570660987017954,-0.0647859348433187,-0.0193677168673196
"PI533876",-0.0321968945678796,-0.00582666062523121,-0.00264128908223773,-0.0212786238379208,-0.0399129799634948,-0.0322534091584097,-0.0336696763234287,0.0429207221987883,-0.0222540006450233,-0.00765134620044756
"PI533877",-0.00162891029207651,-0.0307623149316497,0.0526877114862451,-0.138603013582846,-0.0190321879958744,0.0207321737275642,0.0354899313833789,-0.0349566711875297,-0.0441702039308308,-0.0277113199908769
"PI533878",0.0141930898916586,-0.00686212196121358,0.0164230356589592,-0.13127739627684,-0.0248493554988708,0.0402726145758794,0.0506807875594709,-0.0318545023536413,-0.0577377718838783,-0.0974296076053808
"PI533882",-0.0109702983890691,-0.0237250139154244,0.0602844308567066,-0.108382652961392,-0.0288557861325939,0.0072453387858425,0.0316899950760126,0.0160052993287968,-0.018983011892812,-0.0128332810208656
"PI533901",-0.0252201461910479,0.00865165459528409,-0.0481648258819546,-0.0068118732264145,-0.0165312719314471,-0.0189575360372939,-0.00460153730192685,0.0277269420991908,-0.0250494051596604,0.00929271058662751
"PI533910",-0.0205625475635754,-0.00495088969942175,-0.0513289685832393,0.00659188186635151,-0.0787432850306055,0.0232372415655221,0.00051615917311735,-0.0136158692162117,0.031638159350751,-0.035307040136591
"PI533911",-0.0298905396206007,-0.00408286913328287,0.0255133075588932,-0.00917978635783837,-0.0182407652910073,-0.0449938047745782,-0.0316785492950292,0.0392509092684738,-0.00896650010238617,-0.02995921696554
"PI533912",-0.0228260679030048,0.00717763581690318,-0.0963700222233,-0.0252460638633836,-0.0881429850308258,0.00329497341861505,-0.0613438889470128,-0.0887636712490702,0.0648196319439916,-0.0565941201534118
"PI533913",-0.0143633584311943,0.025332752448697,-0.0558421173887291,-0.0306383063327957,0.0494876718963718,0.000881799023494982,-0.0219167930994258,0.0196735180216787,-0.0244923961307842,0.00918360158759181
"PI533919",0.0107787292323937,-0.0895681295665198,-0.0486986838237818,0.00258488507332755,0.0687899180715071,0.101725068266215,-0.159594293630911,0.0206927477918224,-0.0192203380328705,-0.0103941894401119
"PI533924",0.0197908080060812,-0.0482941044387668,-0.0372705520710692,-0.010132967680862,0.10128724695575,0.0460639113359187,-0.18004384910504,0.040852280471283,-0.013104746291587,-0.0417622176390971
"PI533927",0.0308250280275311,0.00306360078190197,-0.0669776002683706,-0.0542656925082186,0.068074629578969,0.00638834238456809,-0.0524379776518977,-0.113580972603879,-0.0184160664430306,0.150345851834309
"PI533936",0.0956889568482823,0.0531883810523854,-0.0112884375492053,0.0115882159576434,-0.0133682210085357,-0.00763308696162263,-0.00923154460481827,-0.0138597499371501,0.0205435851514233,-0.00620641980430179
"PI533938",0.0361702330205764,0.00412567180584981,-0.0188788834020838,-0.0112868660328465,-0.0224058348671241,0.0437073930288362,-0.0405317978677412,-0.0607066168183901,0.0190625776411248,-0.0522505380478444
"PI533939",-0.0121052351257881,0.00714079879570874,0.017511918470132,-0.0283386123717797,-0.0119867507002329,-0.0475781759496865,-0.0610025945525481,0.0311121288473866,-0.0186472326783665,-0.00558520771627389
"PI533940",0.0807770180582371,0.0363822090844318,-0.00172705214902411,0.00437385103536176,0.0517262805195355,-0.0453856802300889,0.0340025283419826,-0.011821257476654,-0.039732286205897,0.0720910143416531
"PI533943",0.040054744439246,-0.0513848952369503,0.0330749460568831,0.0564215267209172,0.0258773010975918,-0.0905452691942638,0.0418754155788688,-0.00493491095864663,0.00296116416735785,-0.0400732692877851
"PI533948",0.106985276577154,0.083140750205035,-0.00902412614000509,0.0173539510384263,-0.0572336975245174,0.016538531381652,-0.0137957116972121,-0.0314199265796245,0.0521135991036469,-0.0648506284810105
"PI533955",0.102986047941878,0.072937669859232,-0.0244813700350812,0.0100632093517033,0.0356283865063978,-0.0311192032501089,-0.0113654892819859,-0.0318408606066323,-0.0154828537749133,0.0710158036109625
"PI533956",0.014865799347093,-0.00180827560059078,0.0237112203459512,-0.0403347294749867,0.00217417561028331,-0.0257496719710806,-0.0567844957685472,-0.0124889801631645,-0.00116544941759285,0.00163012472099731
"PI533957",0.00616219662735945,-0.00207280888839455,-0.0716774953431406,-0.0263694740418712,0.0136377373868843,0.0505997589567278,-0.0175290634369888,0.0281033011586988,-0.0351241138911828,0.00498267050110047
"PI533961",-0.0520872622646731,0.0475180208231486,-0.0598849307009326,0.016994843905049,-0.0440414958567076,0.00238874394271309,0.0779090260017135,0.0615402625764353,-0.0211349385454258,0.0067300251748139
"PI533962",-0.0787393207091444,0.0400358705961496,-0.0579800640619863,0.0146283387189058,0.00851503289807613,0.0123235116034981,0.0259132021804938,-0.000439445151333736,-0.0414565044276688,-0.0212329387381027
"PI533965",-0.0678607495847744,0.0328301363330367,-0.105601371139997,-0.0230497269313755,-0.00886619126743363,0.0118279851370088,0.0331574003295312,-0.0985703884650335,0.0288413508714468,-0.00451099237514277
"PI533967",-0.068743836863465,0.0401732245277198,-0.0432816226870679,0.0226492108457505,0.00049104956779885,0.00547396093981288,0.0353330669473176,-0.00501310852166238,-0.0154909847287082,0.0169239150904548
"PI533970",-0.0656873886632795,0.0521039187552574,-0.0482308307596378,0.0158913254476428,0.00445155428902986,0.0120648910881877,0.0476649518064141,0.0572371536322003,-0.0216478811455331,-0.0126098722026625
"PI533976",-0.0368560695172641,0.0428151294235119,-0.0546354755702851,-0.00368887178342837,0.00113504345813032,0.00613406782818676,0.038584414162525,0.0672337632944686,-0.0414950651101972,0.0117442549874957
"PI533979",0.109291438575265,0.0713771520468714,-0.000271894132043721,0.037898578788815,-0.0370866782259328,0.00588021544541792,-1.00740875368073e-05,0.0154815659873475,0.0484999489435412,-0.053392869682811
"PI533980",-0.0427767066022942,-0.0239271179402872,0.00373939574126583,-0.0132612101159481,-0.0656260392647746,-0.0608987829506966,-0.0671387413227619,0.0563356082515879,0.0248715469430023,0.0139935433562282
"PI533985",-0.0543135905965638,0.0286404450461103,-0.0315144798518707,0.0102481460326993,-0.0122380613363387,0.007903059524347,0.021930439594908,0.0507914951915822,-0.0534644199076612,0.012656087082126
"PI533986",-0.0468527746071007,0.0234307746607891,-0.0412058185944464,-0.00942006977445258,-0.0323288988454709,-0.0253725953676902,-0.0127721648464928,0.0672416029809191,-0.0325567239970904,-0.0220365935867406
"PI533989",-0.0707308608366078,0.0436430427382006,-0.0460266847928413,0.0185389563869088,0.00419538443036806,-0.000308352842594222,0.0220902154712349,-0.00861768235866503,-0.0202687421326899,-0.0211431538763613
"PI533996",-0.0273497223233155,0.000658419155231843,0.0206903782961513,-0.00950771061975303,-0.039649173064558,-0.0483571701647525,-0.0326006944488285,0.0201015280509904,-0.0190428276634184,-0.0240176553542309
"PI533997",0.0265966921529753,0.000355315615233504,-0.0364791373293097,-0.0488378949329546,0.0486046823278283,0.0115275894813623,-0.128856414556952,-0.0111909558589097,-0.0221885380504993,-0.00499575468143541
"PI534009",0.016139459584808,-0.079124851873215,0.0107979322150927,0.015630494636,-0.00155297204606264,-0.0505641617360755,0.0597494912533659,-0.0771207723382931,-0.00438812561010519,-0.00589566465501149
"PI534021",0.0180174955027311,-0.100840750850119,-0.0315964649710112,0.0780534438959551,0.00246010441055174,-0.0786643186238377,0.0888727003772755,-0.125296600070433,-0.0109922141480709,-0.109610307466186
"PI534028",0.028238005060047,-0.0754243000639721,-0.0413859268132208,0.0741269348445548,0.0386749194152875,-0.0488423812314124,0.0802577125794255,-0.074046646972081,-0.0311274121638554,-0.0254088656400497
"PI534037",0.0464777503290445,0.00302811350753296,-0.0438231360577059,-0.0910225139266429,0.0134739903473607,0.0307940328825985,0.0240535265875953,-0.0188830957390011,0.0440939972251694,-0.0790760053752889
"PI534053",-0.0353043636099112,-0.037699415509117,-0.0334805299481696,-0.00668999898764617,-0.0785691161254635,-0.0908316613796301,-0.0546637155007573,0.0196632761378765,0.0585938487344749,-0.00248102355437942
"PI534054",0.0698014390184589,0.0463829314226334,-0.0375900184142257,-0.04897155002382,0.0382832125861516,-0.0230953349017413,0.00404298015799127,-0.0337057253259581,-0.049409937628719,0.138236745925645
"PI534063",0.00529949676674796,-0.0177020177774303,0.0702695933316475,-0.121014059471632,0.00612902312886135,-0.00203270650203872,0.0373784752804245,-0.0067146232669255,-0.0604822443717586,-0.0270595435096826
"PI534070",0.0054386906078791,-0.0129806473757303,0.05960765117271,-0.147758737869849,-0.00637266212601729,0.0078391927267106,0.0348900359351631,-0.0270920401444732,-0.0680055558107636,-0.0314723091384385
"PI534075",0.00843880096161934,-0.0266725921738666,0.0631369425119273,-0.114727543542946,-0.0207519260431862,0.00707319092729599,0.0204588511601863,-0.0141196132554653,-0.0533345632985812,-0.0326069421127294
"PI534079",-0.0313720497458921,-0.00128981650582883,-0.0298231409311571,-0.0297798991567625,0.00811815237259142,0.0289103409709294,0.0398848956714002,0.0404111291034846,-0.0565786222602882,-0.0238996915027017
"PI534088",0.00725591720343256,-0.0266697386200084,0.0551119340873135,-0.152900414400109,-0.0377875751616738,0.0269559652043502,0.0352108113111731,-0.0522990195989976,-0.0483587297974669,-0.0296783932831186
"PI534092",0.00436656171780782,-0.0188136028711995,0.00333720955893574,-0.136454604505458,-0.0400183672437147,0.052164155630565,0.0591248767430105,-0.0588311889777811,-0.0434159024040696,-0.0875485648418585
"PI534096",0.030094352851775,-0.0239356533024043,-0.0211882995854788,-0.124753924913403,0.170710035391646,0.0502162123674209,0.0946748930932253,0.105614013681246,0.198448905561383,-0.0733730092110598
"PI534097",0.101657009107321,0.0386512878105388,-0.0232587674616935,0.0143913497470866,0.0544783312254862,-0.0598663700538525,0.040447437670004,-0.00774215245608983,0.00629306798866713,0.103318054772918
"PI534099",-0.0754594546918173,0.0409934409290668,-0.0759007590375469,-0.00197013815208536,-0.0513323920245546,0.0056042401813015,0.0775577475754458,0.0756340447705455,0.00219005764251035,0.00601544149957271
"PI534101",-0.0488333790075148,0.015770052662455,-0.00249155202887139,-0.0236409525802308,-0.0349475224533684,-0.00567554337909783,-0.00212093106385328,0.0199845995314948,0.0323271924932598,0.00636802440569611
"PI534105",-0.0606776034293032,0.0529750181257166,-0.067635080633498,-0.00326302699768117,-0.0224697313181134,0.0144613260363996,0.0618889689762758,0.0491545907423264,-0.0307931754888159,0.013168693413989
"PI534108",-0.0516595135496065,0.040234816472679,-0.0532230048250606,0.0149388777434105,-0.0144914504346375,0.0233286371348422,0.046519185682388,-0.00185543948679443,-0.0247358561541683,-0.0170173670705339
"PI534112",-0.0737630727918859,0.049448856148067,-0.0801300100377907,0.00763197461186633,-0.0153086423000502,0.013797110552996,0.0408081374142327,-0.0692099786271682,-0.0239136469314624,-0.030310211081462
"PI534114",-0.0660424871353616,0.0497921277586734,-0.092554644544713,0.00253949137537613,-0.0247441850916231,0.0171837495907404,0.0367044690567241,-0.0483953342922255,0.0134193140267896,-0.00978842513222118
"PI534115",-0.0947630154652459,0.0354983402570965,0.077075654458471,0.0256010286326037,0.0458746231208538,0.0136548730319356,-0.017338563881586,-0.0797118561333844,0.0603923993724126,-2.07819051638345e-06
"PI534116",0.0330881258448593,-0.0149730817530394,-0.00458950967861401,0.00029694527602514,0.0412679166130149,0.0371661389510263,-0.0542757641315763,0.0194995158380943,0.00583618387910782,-0.0686936750473501
"PI534117",0.0154599233426782,-0.0103027548901279,-0.0522450528972929,-0.0610243593013483,0.0632987074983186,0.0249691719366971,-0.147824989197298,0.0256502301405721,-0.0113448519416101,-0.0130424230031998
"PI534123",0.0123377584790445,-0.0609579050984755,-0.0401660156691724,-0.0166701936458068,0.0908847889776797,0.0776619797791362,-0.18261158908729,0.0709764860642183,-0.028918369685844,-0.0141815267831101
"PI534124",0.0157888386793399,-0.0557863799044358,-0.043367767722634,-0.0211485919884142,0.130942642249026,0.0525970630934545,-0.188105932436432,0.0635472610231739,-0.023830361436891,-0.0150419903197426
"PI534127",0.0345164382589695,-0.0475501808660279,-0.00741968824643462,0.0457907490294276,0.0211863898876558,0.0716711221724973,-0.0628844061385967,0.0431248731069201,-0.017556851513499,-0.0549865785272631
"PI534128",0.0334828323448122,-0.0582359995375818,0.00465530455199355,0.0624379732230149,-0.00920205379341041,0.0807429253726034,-0.0176036728583137,0.0294256450616916,-0.0365674725116609,-0.0388790026971229
"PI534132",0.0240618532307882,-0.0513614848485726,0.0116949730433501,0.0548532812993216,0.0287871979649573,0.0415440809621488,-0.0233493139281716,0.02294994316015,-0.0800566928168795,-0.00935558022160009
"PI534133",0.0157277265622986,-0.0770739895146628,-0.0140444223416995,0.0496190686457399,0.0362802077764418,0.0824535821814544,-0.0137934638048752,0.00489218580477921,-0.0772234350102776,0.00703408658135681
"PI534135",0.0170520952655606,-0.0915793599682125,-0.0224233725068632,0.0455438896376489,0.0585248886793656,0.0911688721550966,-0.108642072397124,0.0266337845803254,-0.0861145569921159,-0.0211871575131697
"PI534137",-0.0150677587319383,-0.0034586317239916,-0.0152086307599299,-0.00153918204611653,0.0252075424539648,-0.0251844031573042,-0.0157139241873503,0.0772538162121557,-0.0535652209205788,0.000772197782407275
"PI534144",0.00173004967955113,-0.0144036767283756,0.0114105130173556,-0.0412344531013061,-0.00480949626398791,-0.0707878868104199,-0.0825613714381605,0.0231044650566328,0.000370776469291692,-0.00221717512067632
"PI534145",0.00670045950802567,-0.0301925179335006,0.0436914867954625,-0.148930356816836,0.0022776764949881,-0.0149865524917243,0.017033914994189,-0.0292008632333575,-0.0527690283015118,-0.040914307305838
"PI534148",0.0122763837539449,-0.0856833051467221,-0.032455765639551,0.0509715269971734,0.0513685869292576,0.0915864548567517,-0.0848187259746069,0.0546415907988611,-0.0774247491815026,-0.0171469057020369
"PI534163",-0.0210284593547177,0.0563118834480812,-0.0519991313466403,0.0212188240188674,0.0341910987276771,0.0226674075396759,0.0604995654492489,-0.0083464135254181,-0.0527399342291804,0.0274758285513581
"PI534167",0.0100615108063042,-0.0599620626084474,-0.0299919621273171,0.0235841720842548,-0.0444623334676702,0.0419258774424405,-0.044754856325998,-0.0570993194604277,0.0183097321235561,-0.0730710324088179
"PI542406",-0.0422289462955618,0.0100190970336213,-0.0580778461932184,-0.00238063920353308,-0.0126073893881682,-0.0086275002948685,0.0676490912557575,0.035941088894019,0.0313201378754684,0.0311808826435899
"PI548797",-0.0534466683164626,0.0285696951862996,-0.0752295299628999,0.0142253189494309,-0.0423440456271199,-0.030688988148454,0.00529641280897662,0.0266140716141259,0.0294768422323423,0.0273892367106353
"PI552856",0.00226705705710432,0.0571984440974562,0.0393943757127534,0.0371016894749104,-0.00371033136043302,0.0297164859468191,-0.00995176243619849,-0.00347085670334982,-0.000960812782145343,-0.0376794476034546
"PI561071",-0.0116145260836247,-0.0136771427441937,0.0751456658200441,-0.011101833564051,-0.0492829464741893,0.0409478697730679,0.0297662270778057,0.0158726825526179,-0.00222896719406375,0.0504097069639927
"PI561073",0.00590163109601845,0.0597640868447934,-0.0554457795500832,0.010835702174831,-0.0164670904895076,-0.00896993295588791,0.0574320818966614,-0.000886873093294427,0.0684259762277161,0.0297284984987069
"PI561472",-0.0627832271504306,0.0429944340747803,-0.0340986536971968,0.0337445865122962,0.0235957509028055,-0.00240679147676155,0.00687309410006583,0.0170348872807037,0.0408618990496357,0.00263023986348758
"PI564164",-0.0128909273573202,-0.0240502027834716,0.0771681119492574,0.0297958418375651,-0.0255483903558547,0.0718277071612256,0.0320445299180742,0.0389997239412767,-0.0133733628270559,0.0798291790365598
"PI564165",-0.0507973465504242,-0.0105784217162544,0.109164666289435,0.0629950833089408,0.0182463720229691,0.0765633696929381,-0.000336197161727921,-0.0473392812326637,0.0580733384758902,0.0724221630238364
"PI576130",-0.0731368494845599,0.027750822454938,0.0516329310529335,0.0139615887968137,0.0293597870336133,-0.0248273978009186,-0.0425438829738426,-0.0643387255283893,0.063975769552908,0.0228901782805157
"PI576332",0.0966534714679321,0.0557472240931074,-0.00126623214604475,0.021600447669868,-0.00111531486762507,0.00397195826783331,0.000848013475442433,0.00446665347961007,0.00883014994826482,-0.0114897569049594
"PI576333",0.104367919128167,0.0762929512463369,-0.00916525650043019,0.0149980561318962,-0.0248106715901382,-0.0106151231850074,-0.0119935671690945,-0.0116575360657205,0.0258100310988078,-0.0293941145798506
"PI576339",0.104415237279858,0.0710136043600532,-0.0209123783498787,0.00488373293576893,0.0372545951744944,-0.0425259027291813,0.00765128891798325,-0.0194765962008142,-0.026532025831426,0.0865669481336657
"PI576340",0.101990521714252,0.0760530714866017,0.00127863945318617,0.0218352851373554,0.00169762299227192,-0.0129926895877722,-0.0185856978664894,0.00904198699022013,0.000594337179651492,-0.00193178362287795
"PI576345",0.0683440283360096,0.0422808729618037,0.0302885792040521,0.000274725451649608,0.012901854996349,-0.069147141684205,-0.00589635461811058,0.010774719950223,-0.0316526116726679,0.0278467188849838
"PI576347",-0.00623067590857631,-0.005457993871972,-0.0417856757841232,-0.0170875069829533,0.0361825958224468,-0.0165007786696016,0.0126244567548354,0.050138921754423,0.00950674569418971,0.0135414516138713
"PI576350",0.0261251755651157,-0.0132533361317452,-0.0439914290742212,-0.00690277985985238,0.0521327759141254,-0.0217771239645029,0.0255967577466646,-0.0237267678308567,0.035321458623622,0.105839484072646
"PI576352",0.0856806948495946,0.0616626279270464,-0.00758286377221426,0.00484016443486498,0.0443553179061732,-0.0433808794218872,-0.00514814668396645,0.00679899694984055,-0.0453122051995116,0.0893378581049123
"PI576359",0.0207681884797131,-0.0672914894715592,0.00821907866407988,0.0313392189225501,0.0215390104359991,-0.118835438204451,0.0569087495657878,-0.0722221988235747,-0.0258869535649924,-0.0155003498922877
"PI576364",0.0904806822106369,0.0523739249904603,-0.0122256633025204,0.00943909692150701,0.0210193905842614,-0.031301771158978,-0.0349897942134993,0.0126391658658516,-0.00214658706999902,-0.00663424203914958
"PI576373",0.0444127992979273,0.0196319840980254,-0.0436963524160255,0.0272624495155619,-0.117068385229398,0.0177387842273338,-0.0583808693039289,-0.0481731606399659,0.0774462194829709,-0.056995210594781
"PI576375",0.0268545320746945,-0.0550878212914113,-0.00400848770644623,0.0350062334091926,-0.0334989543283238,0.11210737175873,-0.0149075577509153,-0.015823687569798,-0.0430213656394488,-0.0541422312036155
"PI576376",0.00629959934349517,-0.103000399911562,-0.0607620458154866,0.032010929017244,0.00495093275504004,0.102349804860434,-0.0692957136580504,-0.021919510585555,0.01908410472719,0.00596148210997903
"PI576380",-0.0877473602513976,0.031678437736972,0.0738835843674976,0.0199982809705556,0.0363000263973668,0.016150418557938,-0.0259568981516885,-0.0686560716567599,0.0521594340812965,0.00199570881384466
"PI576381",0.0305048686992492,-0.0799691475610666,-0.0461770841836661,0.0545258508739154,-0.0471850202196958,0.103716152121315,-0.0227690985308116,-0.0582426837088399,0.00659354895042567,-0.046010790587089
"PI576385",0.0513042062228615,0.0346644680852497,0.0208162243841123,-0.0288406188765661,-0.0292220917712252,0.0411053681971708,0.0111937008829236,0.0186771469326117,-0.0512267202864202,-0.0811537938249438
"PI576386",-0.0441449282728172,0.0303179616029618,-0.0399345958605824,0.00782432764657681,0.0128491901362532,-0.00497367337802892,0.0015489626652981,0.0415891602468234,-0.10213207196657,-0.0354967751430016
"PI576387",-0.0690014293990221,0.0341849713773677,-0.0480130127563555,0.0344626234618483,0.0120815254031763,0.0332173430093696,0.0407430673411272,0.0171223790306905,-0.0464489873231568,-0.00990307943320489
"PI576390",0.0215642023906577,-0.0579160721739089,0.036456902934659,0.0235359358821658,0.000765695156344084,-0.0503316174597239,0.0433795703963795,-0.00830456934399104,-0.0145633474104951,-0.0181468820927497
"PI576391",0.0229868744370531,-0.0779341153674348,0.0304085171937861,0.0532219994690598,0.0336877446932549,-0.107584474962665,0.0520757676023458,-0.00120294147779265,-0.00156156042586707,-0.0521421982770137
"PI576393",-0.0347867616626247,0.0222212759245833,-0.0561463289867606,-0.00837919485444642,-0.0017847826920156,0.00858349506274157,-0.012435782658772,-0.047099745311255,-0.0241921175431464,0.018519541907392
"PI576394",0.0920459118185081,0.0559510136672565,-0.00234185826822137,0.0314238713056309,-0.0216911307355707,0.00400454689808493,0.000553587993897454,0.0146034725812147,0.0260823125160203,-0.0531193851211461
"PI576418",-0.0122017631395378,-0.0304808378569877,0.0551925687826989,-0.143292516058054,0.00140024646409395,-0.00959531025409659,0.0239650817022598,-0.016518077217888,-0.0580253492511357,-0.0313711993932992
"PI576422",0.108435980977427,0.0789793730517651,-0.0131276657683308,0.0133820552405543,-0.0120351812270026,-0.00100816214353651,-0.0236368346093718,-0.00921163929154242,0.0122649378845933,-0.0249295426960581
"PI576425",0.00642782185784867,-0.0982027447041918,-0.0410668181280089,0.0463685429223122,0.0296471569699599,0.107707337436761,-0.0730364987987684,0.00915722266725525,-0.0626502848456244,-0.0188253091056465
"PI576426",0.0170634695710075,-0.0724981248911862,-0.0552418479857834,0.035911296216492,-0.0331645605658071,0.0910412747409002,-0.0645774704590813,-0.0768499514937355,0.000680358903250257,-0.0749179928994682
"PI576428",-0.0612569472848702,0.0429975602632041,0.0901056822708551,0.0415930707533753,0.0360174653193186,0.0212360597313676,-0.0359455589505584,-0.0266698548275413,0.0477202225257556,0.00537797940095695
"PI576435",-0.0417896772428004,0.0380778666924367,-0.0343083770086458,0.00993928410580889,-0.0138508021703609,0.0033624779997668,0.05733138206023,0.0722148033163286,-0.0337126536523235,0.00431242780251019
"PI576437",-0.0368834647574569,0.00751646666754648,-0.085745236453946,-0.0416303293230649,0.000493905411353076,-0.00811846546110342,-0.0311307491363094,-0.0678513631006148,-0.0119599494959582,0.0205446215858535
"PI576348",0.0345723890196165,-0.0378170820699449,-0.0414565177738654,-0.020708631584874,0.0864387009746383,0.0092409578507888,0.0209369902428793,0.0547088327491368,0.145014990882701,0.0345451149241133
"PI585291",-0.0342812791576747,-0.0183143027126267,0.0905452933198994,0.0501282801325088,-0.00706842913286604,0.071520549478713,0.0166979872718107,-0.0260618433163222,0.0366954416905498,0.0818374484676719
"PI585295",-0.0277761013413528,0.00522903063697474,0.0481581439113009,-0.0745229803535237,-0.0446153053408146,0.01684158863172,0.0372643454317974,-0.0382038047175112,-0.0111775395533914,-0.00592404426352594
"PI595702",0.0916723845243071,0.0641499744219947,-0.0131266092075614,0.00184797576104798,0.0445272934001651,-0.0339352697613964,-0.00373216944976436,0.00896733084090571,-0.0427013558659724,0.0928105400673759
"PI595714",-0.0501386357864387,0.0306706150183718,-0.0325232036269633,0.00986196993776076,-0.0274522014816004,-0.0163324741109972,0.0348542254628848,0.120241595935125,-0.0455440313795689,0.00488429846473788
"PI595718",-0.0524808680655589,0.000700282106478374,-0.0784718739304206,-0.0242001522166987,-0.0202945732722386,-0.0189772145783739,0.00522693323466698,0.026434850405182,0.0325976515259421,0.0221889545823367
"PI595720",0.00983122972272467,-0.086214034947804,-0.0177204838450526,0.0474905263982452,0.0300141761956629,0.0906232513565303,-0.0735172441794082,0.0270666935150623,-0.0739279389740611,-0.0221589921627375
"PI595739",-0.060266731884875,0.0515828858170421,-0.0569584036854598,0.0103800292061964,-0.0221149443526874,0.00836633255094459,0.0288217077013028,-0.0139837378286516,-0.0339723973184383,-0.0100792932465371
"PI595740",-0.0155186533446652,0.0410707124064152,-0.0240891626313484,0.0102162920768961,0.0219817319741666,-0.00748069166937163,0.0356808854309299,-0.0310779733825057,-0.0318290721216312,0.0299908661251551
"PI595743",0.0404423496812966,0.01531244188508,0.04589761207641,-0.0319539511305602,-0.0471611925822661,0.0195682252614774,0.0201336256992975,-0.0279507838284512,0.00876794395694197,0.00123338857574264
"PI595744",0.00585372765283139,0.00851994072570294,0.0209051707943956,-0.0200545859216976,-0.0623828338069823,-0.116459255349401,-0.0546553415259057,0.0370756870399287,0.0115333289751829,0.0146120104207002
"PI595745",-0.0381536148878986,0.0160774799706946,-0.0634255943330587,-0.00502268377199257,-0.0352271888604676,-0.0107348466018383,0.00980174098114031,-0.0268315524146631,-0.00166592108718105,-0.00718125874065378
"PI597945",0.0064645246189546,-0.0750928871067726,0.0233410856434105,0.00602264185260942,-0.0141733886732162,-0.048015775613969,-0.0220078568531738,0.0424732395831127,0.0297089632290908,0.019980236800691
"PI597946",-0.00788876940692064,0.0235086475085698,-0.0402005443707011,-9.35015003809401e-05,-0.00249154544408509,-0.000850517148551089,0.0306226059099704,-0.000471749024512687,0.0691479088863986,0.0297797183133947
"PI597949",0.0412630757791331,0.0168239995050195,-0.0408871024884469,-0.0353006875204279,0.0517479113316216,-0.0363269045464954,-0.000442076517932188,-0.0929433006695974,-0.0546629391513126,0.157762152168298
"PI597950",0.0309173213006384,-0.0105012625383477,-0.0644122305743089,-0.0237036292713377,0.0244412113488336,-0.0246341342761749,0.00739869407836613,-0.131979993220783,-0.0221126468216888,0.158394344686061
"PI597951",0.0185672939004168,-0.0161346340162705,0.0650032627750613,-0.127427800156041,-0.00394223831371333,0.00638800006917429,0.0475562155818759,0.0108662799280571,-0.040633289467614,-0.013802242198875
"PI597952",-0.0158453097613347,0.000513431018146071,-0.0121428959898522,-0.0161193939854043,-0.0192010420867187,-0.000363637095039003,0.0384476991252352,0.0368289408980867,0.00350125731234947,0.0137808971299331
"PI597957",0.0277653841523691,-0.0324560796707901,0.0173320154671756,0.0417627404667988,-0.0184323905313684,0.0714120314315287,-0.0156653451030422,0.0175725559000192,-0.0515466587141745,-0.0411757983148119
"PI597958",0.032850670388517,0.020559738826192,0.0208683267129158,-0.0401089251850232,0.0079795563802761,-0.0413626883469941,-0.00707585067118589,0.0105738751125282,-0.00593417444878663,0.0601466842446617
"PI597960",-0.00352061569889835,-0.020122177958656,0.0450541812024141,-0.12437567284446,-0.0211158621787192,0.0173315173781402,0.025454175410331,-0.0459752082859073,-0.037731221588118,-0.0415474103296783
"PI597964",-0.0883204622840346,0.0427220071516595,-0.0208996943161843,0.0222304163469217,0.0590715317132275,0.0318975134562354,0.0152505394454634,-0.073848848114552,-0.00127162928441075,-0.023467141376595
"PI597965",-0.0768994172057148,0.0288481992931153,-0.066516726958326,-0.016045674398832,-0.0296048868848511,0.0131646359265536,0.0498129655723862,0.0527719025485465,-0.0189965292498732,0.00532796513818492
"PI597966",-0.0630325717298906,0.0453426294015384,-0.0768435965116884,0.0207995829694468,-0.0547403078586406,0.00473540922648151,0.0862937181922564,0.0406084042038059,0.00105655189491314,0.00940355343274338
"PI597968",-0.0169614925795731,-0.00989280001266607,-0.059870504815706,0.00911086043863886,-0.0652640041271286,-0.0183218314866038,-0.0383899487713061,-0.0536085315791753,0.0528387960016541,-0.0641443973818198
"PI597971",-0.0388326905053103,-0.0297044426042384,-0.0285671202901732,-0.0175158536368532,-0.0439136988111968,-0.0766228000642193,-0.0665250766261704,-0.0414994545509733,0.0482313405407987,-0.0173133925286531
"PI597972",-0.0135915269616338,-0.0743178035429702,-0.00226761837219674,-0.0271437362085718,-0.0325217496718614,-0.0715230871075765,-0.071554194211665,-0.0317794605295076,0.0494010202731459,-0.0254381664047961
"PI597973",-0.0145187145597766,-0.0737657189547289,0.0020062566401353,-0.0256540593235247,-0.0274151497646446,-0.0709624511949708,-0.0658466377728869,-0.0275229394173143,0.0217636117189233,-0.0202431450705146
"PI597976",0.00633029225629496,-0.0160851947724521,0.0470659370140956,-0.13203108230426,-0.0218833072474657,0.0158633403849722,0.0294351251891467,-0.0388901377295281,-0.0484414457720263,-0.00673153565953976
"PI597980",-0.0641431425771543,0.0398369203065075,-0.0776632055396743,-0.00649301578696557,-0.0285800257963705,-0.000748631643449462,0.0377573939550801,0.0387879921252195,-0.0200863401069283,-0.00594089365953998
"PI597982",-0.0279562478460043,0.00946419239045819,-0.0502848892109798,-0.00447859813443257,-0.0249729618009138,-0.0352565024202037,-0.028463769884124,0.0510938527633537,-0.0281140381321094,-0.0130996131100632
"PI598069",0.0179981731290688,-0.0707483680338141,0.0247671076551382,0.0200891708063063,0.0053499049772767,-0.0563241694912049,0.0549241826064924,-0.0253541097411183,0.0204507924035092,0.00132392316272662
"PI598070",0.0203984747622128,-0.062308347462659,0.00450345942193866,0.0234932227249603,0.0267920215710032,-0.0461817459030765,0.0613730814506321,-0.00407932154412889,0.0415238749072576,0.00195700155516929
"PI601816",-0.0874122290719584,0.0424457975507238,0.0748429926002838,0.0352119707191643,0.041830443238921,0.00428871140000222,-0.0367799772373723,-0.0606558657329395,0.0285477449410166,-0.0154738290969198
"PI607931",1.08771579583831e-05,0.0562466148418053,-0.0242377841159219,0.0237587784064882,-0.000178057635220491,-0.00268587544213049,0.0484141105680189,0.0501659934684394,-0.0464794732311019,0.0131617863685271
"PI609456",0.0209426291001518,-0.0362752500913223,-0.040860254320053,-0.134318980399286,0.182376272362048,0.0578579764004179,0.119329532998953,0.115394606642739,0.251744517086648,-0.0581314995833454
"PI613536",-0.0312250183272968,-0.0667614913985211,-0.0174558412802757,-0.0312567842348104,-0.0593601097381641,-0.0829393246735812,-0.0743096922660427,-0.0654992986392586,0.0389588379953358,-0.00785311517931356
"PI629034",-0.0463340324992484,0.0286737821184942,-0.0250986049459206,-0.0116474060294836,0.00716333966002472,0.00926847445197574,0.0308571366297466,-0.013805888750882,-0.0488072590024613,-0.0116204092220157
"PI629040",-0.0174772293895652,-0.0443623919447586,0.0656675808295844,0.00307392405508367,-0.054053279206549,0.0754541313030383,0.0544745752455033,-0.0125263655897811,0.0317062614244604,0.0890702168097342
"PI641836",0.101838413435187,0.0753547745521961,-0.0169558793330997,0.00301497757573186,-0.0042381082316247,-0.0206788933233622,-0.00319006088173306,-0.0194869956938127,0.0171316889550778,-0.00761754709793563
"PI641849",0.0797319655003863,0.0105668236173575,-0.0310804021705697,0.016981966010136,0.0524932255327763,-0.0557193794389269,0.0609811335519416,-0.0354307443506401,0.0250992762840013,0.0847659556650044
"PI641874",0.0569897985375247,-0.023490768256792,0.0150809538549701,0.0547530307091232,-0.0606658882321469,0.0915895647464535,0.0311714819121169,-0.00165987660459734,0.0210408056649696,-0.000104452345839137
"PI642992",-0.0752308826346977,0.0166121590792562,-0.0932393111437558,0.0148338845870965,-0.0676973815903551,-0.00598713788953237,0.0968912436493704,0.0928398289594004,0.0563316937021787,0.0431323292329418
"PI651492",-0.0289857800870289,0.0325481791773605,-0.00896597489203085,0.0194066700485529,0.0342662365097626,-0.000384135838375415,0.0398540081301446,0.0107058169499697,-0.0286769823592511,0.0680771061850993
"PI651496",-0.0222600077603436,0.0564989761772601,-0.0438437103586882,0.0191040112705368,0.0302012648191328,0.00366769664997331,0.0538637048149988,0.00666483000335945,-0.0452059884339157,0.0105843937429269
"PI655970",0.0935705728518938,0.0814997855732603,0.0279469529065245,0.0318137481329437,-0.0377999378793331,0.00683539054201215,-0.0154249278886601,0.0260549698602706,0.00886276430885542,-0.0689394489613324
"PI655971",0.00235561058699795,-0.114499093517171,0.0387728143015843,0.0436044075369376,-0.0838324240415405,0.119673120595131,0.0619757484891984,-0.0148956371093792,0.0361436158001808,0.132975403568699
"PI655973",-0.0388709498899671,-0.0601944623383425,-0.0105207380794648,-0.0210127569787505,-0.148226114961779,-0.135800690296809,-0.0782014596986345,0.0634133865348746,0.0856855139365529,0.0549007417738556
"PI655974",0.109161034576724,0.0883033802006808,0.0033485770655945,0.0318973223314128,-0.0586436405509855,0.0196590119973168,-0.0140773157939947,-0.0129072873825317,0.04570123748562,-0.0745528962768856
"PI655975",0.101046196517043,0.0513920845913682,0.0142092903149408,0.0389320455078658,-0.0795144986921895,0.0680334376262196,-0.0115753488509935,0.0193279971645955,0.0284431777465319,-0.0488806060426561
"PI655976",0.101471515031004,0.068455137787453,-0.0292692301796673,0.00726237092340033,0.0264090543892866,-0.0397567622555727,0.00144321809474469,-0.0640114249259794,0.0213601879358653,0.0790665825090819
"PI655977",-0.0872459099965097,0.0172270617244358,0.0624398139454872,0.0365577821291834,0.018002768148509,0.0242289817258879,-0.0279326056177778,-0.079878808142296,0.0713359024756614,0.0196434557363557
"PI655979",-0.0191762651965878,-0.0186190341356794,0.0569422022403287,-0.0455907584668188,-0.0618610643166861,0.054720322628171,0.025598855161536,-0.0390778139920664,0.020599387123915,0.0414895902389929
"PI655980",-0.0185437738825561,-0.0247229868009222,0.0750247401261671,0.0160637991689709,0.0579336193318529,-0.00665721921403426,-0.00352734595026556,-0.0011301326389196,0.0916785654704505,0.0412018692156236
"PI655982",0.0175385621724037,0.068147911999587,0.0383907818859138,0.0415545848229645,-0.0131931524088991,0.03117967352905,-0.0186061612711154,0.0134295875983873,-0.012384138205174,-0.0796489773645598
"PI655983",0.0922909877915973,0.0718032502382566,0.0120903954100249,0.0115942852693432,0.0172721033777129,-0.023751859332796,-0.00383838781325197,0.0297417835232853,-0.026724343340288,-0.00821834505406761
"PI655984",0.0429367427107346,0.028513213642855,0.0195860924242388,0.0213506274689126,-0.0530380668119892,-0.0303357084188831,-0.0352932290115036,0.0692854016183066,0.0363589336081319,-0.0400538249763953
"PI655985",0.0508935167524124,-0.0137268115155359,0.0107112175884449,0.0467238102038432,-0.107913878924474,0.0925545171544264,0.0432280221780431,0.0228097090440171,0.0451393062865994,0.0317956951690985
"PI655989",0.0610919144694465,0.0253939897678672,0.0657146056018295,0.024797764793458,-0.0743886154783017,0.045296365401399,0.0116436592416772,0.00970901506552689,0.0246641765548209,0.0117939441503577
"PI655990",0.0134579029977307,-0.0691820536883004,0.071171298482188,0.0384629942889137,-0.0902419313081812,0.11262693128673,0.0541368301094839,0.0480627060190187,0.0110898342580223,0.112641788051449
"PI655991",0.108572664704555,0.0667445068529569,-0.00256243995289963,0.0382482284326675,-0.0655934178259604,0.0493691564569166,0.0065194897893484,-0.00976991581050408,0.0539690003172175,-0.0653710858831259
"PI655992",0.112711086566124,0.0874320273393534,0.00210012308576677,0.0298165884582668,-0.0594623599002195,0.0182556302877362,-0.0104438764505247,-0.0171845435443614,0.0486806743689674,-0.078368651831661
"PI655993",0.0925995321114948,0.0469097296950684,0.0212130006287751,0.0377343845124297,-0.0729640957114874,0.0638257931320847,-0.0101049063251808,0.0207178503720129,0.0237961391145137,-0.0414180794421811
"PI655994",0.0529873085698145,0.00917283884403898,-0.00377634770120551,0.0288114217985831,-0.0130634194571515,-0.030929249288438,0.0214896735692299,0.0124919857877952,0.0243937152986262,-0.0114112420878356
"PI655996",-0.016887481414126,-0.0112175442196757,0.0844857572057442,-0.0671689360087046,-0.0170105925121676,0.0120386237120589,0.00855077851658623,0.0171712862537555,-0.0368276664576139,0.00436517896530409
"PI655997",-0.0403420753586943,0.014817986180989,0.00672087704310712,0.0394790003053357,0.0160539550645673,0.056189420460199,0.0373278943095715,-0.0215622286824867,-0.0110360960916026,0.00603412384045729
"PI655998",0.0430826328811246,0.0116198910912906,0.00811688054568602,-0.0633054446543408,-0.0551963011547299,0.0527655706112173,0.0292414091543452,-0.0204879489283408,-0.0111397491986303,-0.095209691134994
"PI655999",0.0215583222128485,-0.0307224896317723,-0.0448796839348307,0.0044042722281112,0.0813331214330036,-0.00879969031585518,0.0513419865899327,-0.00874891997732745,0.0875575828426718,0.0997320144033684
"PI656000",-0.0228635252621586,0.0603265273102255,0.104651551552153,0.0387506602018078,0.0207025684821053,0.00397317555285034,-0.020587998954962,-0.0209456507764759,0.0316184867155788,0.00121097520644231
"PI656001",-0.0545929862674556,0.00712725992561077,0.0311896147005274,0.030551741171764,-0.0302961639228979,-0.00433592846462129,-0.022854125717421,-0.0231577396022243,0.0423469708313446,-0.00370487064983564
"PI656002",0.102180022550213,0.0771971987154876,-0.00408263193892524,0.0247855594666973,-0.046996406865122,0.0117169331206591,-0.016417894414807,-0.00417203294973034,0.0356392818080766,-0.0507668210324777
"PI656004",0.012689813326947,-0.00949908707754779,0.0648025486707403,-0.103977403100293,-0.0305841602529347,0.0292531187953718,0.0282781670188674,-0.0294959629343836,0.00262486222051802,-0.0151533286042299
"PI656006",0.0204510952380573,0.0348441913737604,0.02205268457803,0.0201951589135354,-0.00884093222774945,0.0118997681190224,-0.00221866685342595,0.0353368139786774,-0.0403664328851429,-0.0536439020722224
"PI656008",-0.0694890579813659,0.0431590200950469,0.0786915694606802,0.0259082676130889,0.0409251385443797,-0.0119836081972864,-0.00838816061855459,-0.0194555046527287,0.0241733328273522,0.00978402695060824
"PI656009",-0.0624890705551708,0.0577859470514124,0.00826589710870343,0.0388413207019923,0.0347150589880773,0.0368519424116417,0.0233107446513269,-0.013211696406791,-0.0267380143559496,-0.0157229410606223
"PI656010",-0.000573733408570193,-0.0319003456995461,0.0645426522883662,-0.110141906899017,-0.0494551189970743,-0.00811380678334023,0.0165947383696418,0.00694287985995048,-0.0336875997302107,0.00626693304812506
"PI656011",-0.0562845600389102,0.0216408179991463,-0.0236527765458134,0.0219061762200406,-0.017788950965581,-0.00482908165114028,0.00652881138912516,0.0678549316502329,-0.00428929157958811,0.0267288568586624
"PI656012",-0.00754023064152063,-0.12464145970008,0.0116419771019093,0.0556146742887582,-0.116722574447211,0.0902910501437705,0.0451999264472774,-0.0113793415056035,0.0897667738150876,0.144800689226186
"PI656013",0.0191630403643591,-0.078083719260912,0.0261932693823077,0.0469836626660526,0.0259463062544934,-0.130838499605812,0.0526760881852706,0.00291662096974904,0.0225542972484308,-0.0296432806062206
"PI656014",0.0162128906801368,-0.0689186223731271,0.0178442608419803,0.00819257210919867,0.078462997769609,-0.0536986081701387,0.0335778793283267,0.0714226817153038,0.0955078258488888,0.0180802645774475
"PI656016",-0.0139926270757512,0.0287097335538336,0.106986081774068,0.0381095144253177,0.0343511398477546,0.00930725281148806,-0.0405715077179284,-0.0223769649144951,0.017558374382531,0.00108107890555898
"PI656017",0.00282621792959388,-0.10341887545974,0.0615094831282577,0.0440618535937112,-0.0889332392945733,0.130068235653105,0.0670873712120364,0.0562988402950298,0.00966059590609293,0.143730679633427
"PI656019",0.0639163096336693,0.00582388540328403,0.0538362863910561,0.0109602258248213,-0.0992098403768554,0.0656478750176814,0.0171469790910602,-0.0328410425149962,0.0515179880285917,0.0372955204692022
"PI656021",0.0011298954529382,-0.105323073623508,0.0389678663669914,0.0581835255972934,-0.0887945398149523,0.07681780693272,0.0327982451793727,0.0355057901701474,0.0375618610322425,0.104897339277896
"PI656022",0.0854154968380477,0.0735634677937159,0.0395363986302712,0.0386547379271898,-0.0273089334695404,0.00756603927570456,-0.0128478072319252,0.0541722633447941,-0.00509385183274612,-0.0641083880471389
"PI656024",-0.0851346228614138,0.0454841711539318,0.0659157827873772,0.0294443867614537,0.05285483620639,0.00246918930286465,-0.0279563591926878,-0.0554788432152182,0.0186900969168689,-0.010915799075784
"PI656025",0.0171859454068357,-0.0942483815925704,0.00709649798863456,0.0537558307471127,0.0173021767188822,-0.140803563378676,0.0583862666192517,-0.0281631721389973,0.0346888259255896,-0.0179139354118444
"PI656027",-0.0521964143366377,0.0170989719840206,-0.0623990867220379,0.00670290093087882,0.00152725576609431,0.00147868983556472,0.06064523225654,0.0238842286026826,-0.00974844600919126,-0.0218374950037129
"PI656028",0.0791464105738651,0.0582708436609885,0.0118196020978223,0.00656274231632092,0.0498050823117901,-0.0381955110676067,-0.00084344783916392,0.0212443903342256,-0.0610599348423335,0.073631116249241
"PI656029",0.0228746165326962,-0.042196979085671,0.0108541932098736,0.0570197798180673,0.0385230688966006,0.0545122797741152,-0.0250304904788698,0.0342819386281017,-0.0834104815960972,-0.000376841811187302
"PI656031",-0.069171604132902,0.0497673129632928,-0.00823297612515917,0.0221975890176243,0.0178481184277225,0.00544492519020068,0.036854981757488,0.0455227460175412,-0.0358201839644654,-0.0104497211998487
"PI656032",0.0524863222676629,0.0384252353896398,-0.039960815354744,-0.039953509419344,0.0271262224657614,-0.0356086212407023,-0.0224802937830076,-0.0508475258581377,0.0137575404415959,0.170110814946072
"PI656033",0.00433039056516444,-0.106801571106811,0.0508026589696828,0.0450639875931602,-0.105378626768783,0.133334039298272,0.0697077112025111,0.0331777023721237,0.023050835344645,0.151518541404304
"PI656034",-0.087811247638728,0.0503316278004464,0.106391818952266,0.0444852342917319,0.0546017443020755,0.00605507277773512,-0.0374971123805708,-0.0606937276080003,0.058087380483231,0.00507834361127814
"PI656036",-0.0859564971390406,0.0418114326498495,-0.0247894864296652,0.0312338130292458,0.0269526979016101,-0.00525117963049421,0.00164205496546778,0.00266714386967623,0.0258682908757056,-0.00283463158943484
"PI656037",-0.0834721964352007,0.053562504045215,-0.0248592833080305,0.0331813010120196,0.0457542289940119,0.0129944126913971,0.016077788482654,-0.0448119569621137,0.0127328331277382,-0.021016128094939
"PI656038",0.0840935688690462,0.0653265188832802,-0.00668776388837046,0.00198397109211493,0.0384295934270239,-0.0354978302534018,0.00141383840807511,0.00473532657509063,-0.0258186844156612,0.0798558025367064
"PI656039",-0.0815674140415506,0.0438171482367092,0.0634260409384152,0.0195616846902403,0.0321703429782334,-0.0104680363528199,-0.00728330761048371,-0.0553643826193078,0.0441179491669974,0.000516953185391654
"PI656040",0.00402543464389898,-0.0207968878819587,0.0531480620744882,-0.102150286605281,-0.044963265570068,0.00502599552941104,0.0127622109460195,-0.0490149021454828,-0.00679779112962685,0.0198397974624917
"PI656041",0.00140590757587191,-0.103637715469443,0.0605470223729789,0.0495810387782726,-0.0867996053233679,0.130717025550723,0.0660847878869902,0.0511496953506156,0.0126646084900525,0.151957151522844
"PI656042",0.0850459189675002,0.0389870338170117,0.0169825177323563,0.0179860572207616,-0.0647934872175346,0.0340490701956942,0.0108519119604325,0.017177477779404,0.0292860946935765,-0.0564109410607864
"PI656046",0.0301858954956748,-0.0340818850132995,-0.0427034541148302,0.0499677846362404,-0.0399806976918041,-0.0518676338054142,0.0141640653801657,-0.0403748682281213,0.0724460329488105,-0.0397171150008397
"PI656047",0.017393680511062,-0.10856866041587,0.00249321031927603,0.0695375855110549,0.00927556401495423,-0.0982716459683751,0.0855927024444547,-0.070486124664829,0.0197811325249199,-0.059146590107481
"PI656048",-0.0361465531105428,0.0594295377976712,0.0970258298354381,0.0287612529531226,0.0452169591492808,-0.00755149535104159,-0.0248297077773304,-0.0243797801572673,-0.0244663235469688,-0.00886277549864842
"PI656049",0.0808698550927214,0.0606453747764645,-0.00280180275692982,-0.00748108293804152,0.0436714965169908,-0.0457016937155227,0.00859657238332757,-0.00187455554931399,-0.0369908300186731,0.0757694039054805
"PI656050",-0.0424325337778709,0.0187168724697343,-0.0487677118973566,-0.00849107544470586,-0.00719076873229685,0.00417726975510693,0.0350528314963966,0.0641600560785563,0.00135861064425637,0.0297479128148995
"PI656052",0.0120141422354721,0.03460318779155,0.0922557798339945,0.03292383094763,0.00841311475365181,-0.00872754491929025,-0.0387577577497114,0.00780567149060541,0.0592297784884669,0.00727770259575959
"PI656053",-0.0145666647213662,0.0506307422307186,0.108065951264921,0.0503684953146225,0.0226614378615924,-0.00223972167564471,-0.0164888592024991,0.00350097789456006,0.0319792704952107,0.00260277253969794
"PI656054",-0.031400844866079,-0.0183116348232941,0.0405935628072226,-0.0930546100464407,-0.0144354136835637,-0.00323884505622977,0.0214704778475835,-0.044512242355543,-0.00772652503629717,0.0104813441072664
"PI656055",-0.0526483347600162,0.0386977170366724,0.111117692958418,0.040604255495098,0.0505248109960053,0.0335739323876053,-0.0300229737939378,-0.0353877821851664,0.0745841680715721,0.0225387967716052
"PI656057",-0.077688585945312,0.0326079583790512,-0.0769094977251032,0.00955658044169641,-0.0580442985576759,-0.000565537090365463,0.0948295571121129,0.0954779680872024,0.0330953340417467,0.0278438989601361
"PI656058",-0.00473106821797535,0.0469488849692891,0.0478554788582925,0.00376331360538361,-0.00767395929221624,-0.0170293511293491,-0.0301374574531016,-0.0160753531212821,0.0516255454914335,0.0126972807747003
"PI656059",-0.0649217673479615,0.0381732190205394,0.0808706094425223,0.0350027555541312,0.0368176406305311,0.0129079621974622,-0.0326234184605588,-0.0512170558909797,0.0142477180631596,-0.0220714400551941
"PI656060",0.103687495164562,0.0792468881630469,0.000782820609756905,0.0297252973600598,-0.0462033700531742,0.00535341733809367,-0.011412378057013,-0.0187088067993688,0.0451274661052625,-0.0755764823987056
"PI656061",0.106198931621521,0.051527306380384,-0.0599077038763588,-0.0263514034870106,0.0107867433514626,-0.00129238726723388,0.0465442954199348,-0.0151297280980779,0.202089000609285,-0.0266854972347887
"PI656062",-0.058979057196664,0.0225282877099909,-0.0404395012475014,0.0245631159802465,-0.0160783861221357,-0.00433400475331904,0.0091591497917165,0.0616843860695212,0.00581108542605834,0.0295164075247087
"PI656063",0.0299933688448712,0.0340242754628867,0.0249583193838899,0.0393015997263384,-0.0228661516668432,0.0388528152225845,-0.0192027202524149,0.00450027904609283,-0.0260861273005621,-0.0660536327580697
"PI656066",-0.00841763749750626,-0.0741982742716511,0.0168795515801772,-0.00537741983872563,-0.0110496236099942,-0.0664309973293921,-0.0343384110390646,0.00773426544865949,0.0159986698323175,-0.0160797638008541
"PI656067",0.020475919636786,-0.0763246121480341,0.0151140565543673,0.059600789477928,0.0212902007112655,-0.0785589821780939,0.0419291040477786,0.00658902561563173,-0.0547993418466008,-0.0513607013568129
"PI656068",-0.0633764196492997,0.0413563267224676,0.119907915083456,0.0407307333852258,0.0544984126754411,0.0334488485151125,-0.026639552648866,-0.0401109016579242,0.0595350219847949,0.0272264281753147
"PI656069",-0.0350898645290222,-0.000515901652862123,0.00874846903360235,0.0163710224715069,-0.041175533873822,-0.0343729079566971,-0.0430475061316351,-0.00748337774632533,0.0194912953435991,-0.0197424538540904
"PI656070",-0.0597996485315845,0.0304400300487739,-0.027329534716503,0.0330561413689973,0.0129363956100126,0.0238020018544276,0.0372283858085734,0.00251466255151696,-0.00674039975189711,-0.0240951527092151
"PI656071",-0.0629564420205104,0.00886622892109679,-0.0625505293520515,0.00860976790506985,0.00397992660597596,0.016681706333447,-0.00254194949194604,0.057399050721558,-0.0406371333101785,0.0117571467952629
"PI656073",-0.040199278051772,-0.0493545344445832,-0.00791603557611695,-0.0232043181633579,-0.13291967371644,-0.128675449094772,-0.0847456156927102,0.0647374407163396,0.0864150737713679,0.0367199756118335
"PI656074",-0.0207900822127195,-0.0168697454154865,-0.00730014883879544,-0.0342627701864833,-0.0353269914824664,-0.0795483242573846,-0.0751507614833505,0.00673755251965157,0.0276219853357908,0.0212043072732504
"PI656075",-0.0634653965478871,0.046867853293147,-0.0423204155116209,0.00968703311031317,0.00365087065120962,0.00291536763237113,0.047296448366135,-0.0197335809013661,-0.0194630571373351,-0.00786810162735092
"PI656076",-0.0703645240196975,0.0351595212234958,0.0687193827328652,0.0284588359316229,0.0478858345464717,0.000809531068324843,-0.0528754473620404,-0.061646120790476,0.0546715031500298,-0.0172877102298819
"PI656077",-0.0126667267273072,-0.0783170019012302,0.0185230592451266,0.00478811076165942,-0.041655234970449,0.0259711052485759,-0.0351900173158955,-0.0336585559133484,-0.00583177776552644,-0.0073349564113952
"PI656078",0.0191146038431115,-0.0332861069124769,-0.0328286369170103,-0.0943571173349684,0.149854995226939,0.0523434627439236,0.0739417483823799,0.105434018663838,0.146743033642632,-0.0547437283108063
"PI656079",-0.00663391667066639,-0.0287354987192648,0.0424838823943941,-0.13277549455386,-0.0149881209897894,0.0156522098936133,0.0388601518122557,-0.0230450589509558,-0.0436768504129226,-0.0121143079584148
"PI656080",0.0428519050722024,0.0400554662920414,-0.0348596321304973,-0.0481724757430508,0.00949636736854044,-0.0188988016988866,-0.0433012447292688,-0.0636879159732502,-0.011991970854723,0.0676279789994767
"PI656081",0.0316970000943269,-0.0388461723204918,-0.0581714659169465,-0.114023897924662,0.191424775950943,0.0579320374068477,0.104560247921822,0.139330179081104,0.223419472749642,-0.0619037814338486
"PI656082",0.00549999599462852,-0.100371844151681,0.022549969940952,0.0382891640354032,0.0056087519554304,0.0219837311930508,-0.0348549322319645,0.0460507268634057,-0.0290212700775817,0.00828364550255147
"PI656085",-0.0455641920203935,0.0375606282266354,-0.0287493641584059,0.0137226434850017,-0.0161623539442453,0.0272898554556576,0.00983346509254836,-0.0590018952288816,0.0314302611115589,-0.0312945261113902
"PI656086",-0.0231828039560935,-0.0591181440841308,0.00239256402532522,-0.0127227914477469,-0.0223922489899894,-0.0711688990260946,-0.0491154668664968,-0.0558006141166207,0.0443339247299723,-0.00525425576596907
"PI656087",-0.0274081425321939,-0.00701949009600536,-0.00380101802934612,-0.0112200614142037,-0.053329625890375,-0.0713954597624035,-0.0585897903348131,-0.00783712028558675,0.0488482891189809,-0.0427255704987976
"PI656088",0.0155635162456083,-0.101851694427855,-0.0389706577231287,0.0519374438591176,0.00817304536968899,0.0183822749984215,0.0200033583741242,-0.0550042822010208,-0.0184532421268614,0.0296497805157091
"PI656089",0.017316628108422,-0.093498154400031,-0.0248626270372176,0.0567599382741765,0.0142153756749258,0.0216701365082158,0.0354842395539773,-0.0409163435494748,-0.0245725898092757,0.0319735636342295
"PI656090",-0.0328132118291067,-0.0190821869295961,-0.0580983848252347,-0.0291297109495829,0.00412424119133075,0.0111911403949306,-0.062748877692406,0.0250842263985505,0.0299996557116671,0.00274964100104471
"PI656091",0.0126125141201111,-0.0881803142668572,-0.027554908064769,0.0519203164499448,0.0308687735971114,0.0693901878833648,-0.00717348019701709,-0.000585817943796342,-0.0387125536664292,0.0217302261427662
"PI656092",0.028021586524109,-0.0716144781430853,-0.0206816873871922,0.056561956677893,0.0558044071184937,0.071886290023092,-0.0136092589206679,0.00380337697936289,-0.0916143347063459,0.00916092325350079
"PI656093",0.00372774851987123,-0.0216869325504059,0.0448474381274167,-0.127721662258993,-0.0207687643030435,0.00940526803969306,0.0343507185230509,-0.0448590570618965,-0.0425144125667069,-0.0321974994735997
"PI656094",0.00997055286078122,-0.0173308118659505,0.0614756905379848,-0.138915725891237,-0.000936576984580688,0.00860229838232776,0.0439348789455077,-0.0275245842846516,-0.0581177691884791,-0.0305960700042589
"PI656095",0.000213194277942598,-0.0400538442206548,0.0557883323214444,-0.126242826890438,-0.0254417003207588,0.015132874275669,0.0395855063845898,-0.01409026933868,-0.0261502762155632,-0.0174429708688977
"PI656096",-0.000887760573988918,-0.027441439353131,0.0567844005923661,-0.148023462225532,-0.02484085924849,0.0175723380122979,0.0421684157279072,-0.0413369401189557,-0.0520747774057202,-0.0501646231690955
"PI656098",-0.0445429245525798,0.0111815306326515,-0.0721892446110903,-0.0105323902417992,-0.0519288241660296,-0.0160862088539821,-0.00980245736755316,0.0147100169890101,-0.00575377687422274,-0.00766056788489952
"PI656099",0.0225064720479862,-0.070611019380053,-0.0145961537089024,0.0801108510697217,0.044489013584862,-0.0438059132518432,0.0844396062579402,-0.0669785420902654,-0.0465754522820377,-0.0400202590666566
"PI656100",0.0194357870521947,-0.0940777975209634,0.00219605664446416,0.0885730957727443,0.0115822320371224,-0.066218769432801,0.0817406817750721,-0.0567076002672313,-0.0183574160457265,-0.0504744338885414
"PI656101",-0.0358811968127972,-0.0441660657107866,-0.0131513862764418,-0.0157465658910126,-0.134484286811821,-0.120345521292851,-0.0864468408918705,0.0739301875101859,0.0744446467460048,0.0346286318420756
"PI656102",0.0150419030676279,0.00856135706886142,-0.0797424320998409,-0.0544386678301006,0.0328535997479901,-0.00589554863417309,-0.157295382361309,-0.0308858098518586,-0.00379908503625026,-0.010636866879476
"PI656103",0.00881184300089609,-0.0821466745052109,0.00670601203082299,0.0298460350072666,0.00355339829670992,-0.0731243865117732,0.0432344949459241,-0.0870838505515539,0.0454227233240046,-0.030645356448868
"PI656104",0.0430243906314906,-0.0667791403783822,-0.0547510752752131,0.0498744907095788,0.0501669994908502,-0.0476200817371722,0.0644213706559351,-0.116318154167802,0.040115882762445,0.0223838436439844
"PI656105",-0.0251261047750741,0.0469884669256186,-0.0600374047352208,0.00629961712865395,-0.0283529611794834,0.014255155452382,0.0385940702430458,-0.0123277044809659,-0.0231759273565428,-0.00894546927349857
"PI656106",-0.03269202992,0.0528013762165754,-0.052767513754528,0.00724227209798387,-0.0461595730829937,0.037874185475606,0.00557714489208302,-0.0951316415463443,0.00597929084651188,-0.0518134797712138
"PI656107",-0.0572288489584505,-0.0511510317878174,-0.0165328572103975,-0.00451491528053683,-0.0976621057597259,-0.0777425355592086,-0.0639297398299016,0.0339072152168245,0.096963027835317,0.0339190122471366
"PI656108",0.025480297092286,-0.0913264821608944,-0.0302010532896693,0.0679840770481802,0.0343041857782428,-0.0920598701736667,0.0676149939956439,-0.074399505450716,-0.0181731369147917,-0.0552555380742492
"PI656109",-0.0182488261435427,0.0016393644296928,-0.0815600188539015,-0.0407311416515536,-0.0365391499654167,-0.0192504413823623,-0.0678448203450204,-0.0397270302952489,0.0592785203533599,0.018154040962215
"PI656110",0.0255861044779843,-0.0836468702443311,-0.0646518647806198,0.00781384444085691,0.0703490361485243,0.0262827945929101,-0.00862107328467445,0.0126734539806867,0.0416429078398539,-0.0223321795350923
"PI656111",0.0248928975263112,0.0243905137542701,-0.0623256309266526,-0.0531889853681815,-0.0111102767797734,-0.0102859266676215,-0.0831594416581486,-0.0852315070813992,-0.00473667175134298,0.00686936578948897
"PI656112",0.0451608757388487,-0.000413543273003007,-0.0347820608606933,0.0267971955237249,-0.1000108599241,0.0456625825876883,-0.0376376185195525,-0.0617388683964233,0.0855986736630002,-0.0440317221220768
"PI656113",0.0487823696181944,-0.0264685341440201,-0.0247392764359684,0.0434420073524269,-0.00571125971281512,0.00410022773850801,0.0305272566914998,-0.0365769736838078,0.00867233797123269,-0.0785061802706665
"PI656114",-0.00184942862000315,-0.0237580925100894,0.0593607697207598,0.0145772046835185,-0.0197366699121341,0.0413778186049746,-0.000260117273065532,0.0129742658541284,-0.0432359152077933,0.0363447258326221
"PI656115",0.0257293564945141,-0.0314164595422569,-0.0264664255513067,0.043377450554049,-0.116699723215773,0.0687750870904963,0.00126082997903967,-0.0211407546085098,0.10540285126253,0.00562818181723366
"PI656116",-0.0220383481643086,0.0246451817074263,-0.0475098402750933,-0.0505025547502091,-0.00825852003756894,0.0159075858859394,0.0227213700930941,-0.00920726656758769,0.0314088795746357,-0.00293955804003779
"PI656118",-0.082092660898993,0.0287880802905981,-0.102898725423499,-0.0100174704599503,-0.0266451669709926,0.00489928582913465,0.0147114307645603,-0.0607327729333756,-0.0138287476891314,-0.0197305153277239
"PI656119",0.0165989311903559,0.0030801261715298,-0.00999787038095664,-0.0961660873207571,-0.0333179491771861,0.0486944890490156,0.0252309458198876,-0.067003973725595,-0.0068514128367499,-0.104008606489868
"PI656120",-0.0409955903724974,0.0502697837604981,-0.0661399905767004,0.0132226606687927,-0.0198696952399598,0.0401217665856215,0.046801133705085,-0.0270858828946557,0.0199935731603374,0.00698570495547789
"PI656121",-0.0259788961522883,0.00459839852179019,-0.0438574958403367,-0.0358105891363093,-0.0118280127022859,0.000100792669353118,-0.0140898742362858,-0.0295959951337678,0.00680524080546377,-0.0173412575991088
"PI152651",-0.00976493917787436,-0.0222110043567902,0.0631927454517371,0.0138089956360575,-0.053580976207897,-0.10068866496318,-0.0598713452333436,0.149127126130027,-0.0203728254156508,0.0124065489566874
"PI329435",-0.0239355728166497,0.0353276655968117,0.114745094727729,0.033498779808583,0.0339487917322354,-0.0223859220371573,-0.0433565874358216,0.0291643353616886,-0.0137777539659942,0.0108156716370054
"PI329440",0.043979586079522,0.0267913266443671,0.0192191121395151,0.033131210775477,-0.0003100059998491,0.00955699818979303,0.0149434675514391,0.0885497517391404,-0.0399841478284225,0.0856681009382008
"PI533902",0.0291062464112898,0.000611923724755048,-0.0141671466022027,0.0178953198050921,0.0746952499675839,0.0450825420489264,-0.049814792538257,0.0797737690101585,-0.0419687675468048,-0.00182358926663564
"PI564163",-0.00214386849893097,0.0640701790164744,0.126882298325272,0.047735312391512,0.0344646809456475,-0.00667230591917129,-0.0203723919132329,0.0259726992688182,-0.00452619043965042,-0.00554385380763539
"PI566819",0.0379754223993829,0.0594680445569871,0.0964099467974005,0.0189373268499496,0.0454129299983175,-0.0370226072781404,-0.0234324417842092,-0.000128470922234966,0.0212864950981813,0.0403934134706956
"PI641824",0.061187696708168,0.00579868824055476,0.0361192267762123,0.00927532472373661,0.0282219613133542,-0.0952951731387723,0.0123170593296085,0.0263315770132022,0.00584902518370439,0.0111467262528286
"PI653617",0.0114230760179259,0.0631404706971035,0.00847570298347143,0.0246410379035923,0.0416502930522816,-0.0142741440317313,0.0401816973044536,0.088647152450031,-0.10603929363297,-0.00423131049450755
"PI655978",0.016573472234679,-0.0156812144084123,0.0757029812469999,-0.0935105505584893,-0.0382283515615723,0.00546994422066243,0.0386364769177189,0.025712123418707,-0.00671025980953585,0.00414836683281838
"PI655981",0.00406524437993604,-0.0335348011556656,0.0547840742938014,-0.112660240131214,-0.00473844665937683,0.00972408240383427,0.0495245880480013,0.0244771676599735,-0.0478006071508563,0.013127053906878
"PI656015",-0.0257029284581267,-0.0396534578575992,0.0280651099455564,-0.0114725359040562,-0.10766639533344,-0.130789089075198,-0.0853787844541066,0.118549660068707,0.0197528519780671,0.028020395005403
"PI533752",-0.0283868679924316,0.0458145679234729,-0.0453361233650984,0.0123998090575449,0.0121784027309278,0.000691663599763341,0.0223111333607953,0.0932370910954858,-0.0343954037338256,-0.00996423178033686
"PI533759",-0.0407477166132523,0.0414232013992365,-0.00527728415569514,0.015649937804516,-0.000941576011873274,-0.00376790616532309,0.0283707852305932,0.117336136851151,-0.0568505488942031,-0.0206189925080552
"PI533839",0.0273296848502867,-0.0389749548715157,-0.0368733266077871,-0.141834769674513,0.19852815371493,0.068855362702794,0.106393646146974,0.120701535934085,0.227610406974071,-0.0881446026752657
"PI533845",0.0465880865999235,0.0133167292865186,-0.0592533686419602,-0.0455869212701358,0.034388024445015,-0.0204143284154877,0.000604666773554393,-0.115206380494814,-0.0502076298838555,0.19694786810901
"PI533863",-0.00753541319650356,0.0156574355965374,0.00644214243628472,-0.0355014338402706,-0.0185084118981531,-0.0145300924426821,-0.0100823641128784,0.0278516425366507,-0.0392137003529378,0.0271209029553773
"PI533937",0.111432286899661,0.0748341816306042,-0.0166916974347212,0.0168353719621001,-0.00287447275837848,-0.0152361841290311,-0.0149323115546672,-0.0193321283937487,0.0131721090951092,-0.0130328858493375
"PI533954",0.0711786609211686,0.0308862032724922,-0.0405038502793172,-0.0439641749259358,0.0341733851059436,-0.00797553849965267,-0.0402789301079051,-0.0268527688387411,-0.0204721146920157,0.110691084705336
"PI533964",-0.07689137586048,0.0412311305313218,-0.0376236280650491,0.00627680201318677,0.0198155975873315,0.00436442889962309,0.0401797365274604,-0.00829955271588299,-0.0301483651343787,-0.00844887299817624
"PI534046",-0.0284463451603036,0.0158973446030119,-0.116660680417647,-0.0500065403667528,-0.00548446084159337,-0.0131415271069696,-0.0442442877973935,-0.117770828865557,0.0111515438373092,0.0260697889702225
"PI534138",-0.0241226028873758,-0.0178276574823655,-0.0447544333047696,-0.0586550252957654,-0.0586590078456554,-0.0867079927195519,-0.104608348738116,-0.0788048286625347,0.0588004586249041,0.0110119346092665
"PI534139",0.00159268613731331,-0.016714111277017,0.0210382712746314,-0.0503306380682216,-0.0144600637776019,-0.0331901121005155,-0.0740008425186239,0.0101273033576347,-0.0117037963133652,0.0329447168921596
"PI540816",-0.0309529374482897,0.00806666710563215,0.0974046488573664,0.003272424355282,0.0226852098618902,-0.00243926299622961,-0.014667999802136,0.0141619681001976,0.000419094593929868,0.0116083790526672
"PI576366",-0.00356993064443597,-0.0174551056446403,0.0183069119577425,0.0222739935894743,0.0354202461709053,-0.0862171683493043,-0.000825838063390934,0.0691268150401361,-0.056455444103138,-0.0138528429093129
"PI597961",-0.0225753442127602,0.0387626011873282,-0.000988822769658907,0.025747829511101,-0.0123370354597023,0.0340873422158287,0.00487809403325509,0.0230888524831543,-0.0309598500501984,-0.0418330020513912
"PI597967",-0.0891122117880953,0.0274031672861688,0.0628523826450324,0.013653451807017,0.0534743124900515,-0.0105461340946627,-0.0564684723380907,-0.0670756803475829,0.0333912836081763,-0.00702791060976289
"PI629059",0.0419109247737999,0.0562642617052936,0.0312679929556239,0.0354049954419666,-0.00843324623840076,-0.00428221885921825,-0.0252310826062038,0.0455670223939375,-0.0279261407033387,-0.0493252421054441
"PI642791",-0.0216556755108795,0.0422257834857146,0.0981772180214402,0.0310492106274758,0.0273811081925739,0.0122893566232561,-0.0386859925969983,-0.0323775687816947,0.0466058996977554,0.00090660160696077
"PI642793",0.028001623651043,0.0428857056771942,0.0134318027904494,0.0359655015490863,-0.0182509354010391,0.0484406713179574,-0.0240375886110938,-0.0391006767305895,0.00619755051120942,-0.0611034095343257
"PI655986",0.0355589335939192,-0.0196493440651283,0.0746408584839151,0.0293319345668443,-0.0870734872048545,0.0671938749793112,0.0369576339675725,0.0473613117697277,0.00508649871962342,0.0787657675874036
"PI655988",0.104099186064797,0.0878715638124303,0.027600390333542,0.0371493032413875,-0.03761022852741,0.00901057710217121,-0.00798915399429504,0.030133952855435,0.000753099117027904,-0.0685009471439961
"PI655995",0.023027912732283,-0.0684688118464492,0.0222912906905217,0.0095829359881396,0.083448533164651,-0.0671993273088446,0.0376785493671792,0.0812565063475547,0.0793312041053673,0.013400957477782
"PI656003",0.0887727055001575,0.0423815893895354,0.00185190947956787,0.0210126707590067,0.0370918713763404,-0.0429621198730148,0.0194939889166956,0.0247826432480111,-0.0269222690575994,0.0980801515302091
"PI656005",0.0628068167925007,0.0499726333217832,-0.0300080093061437,0.0394168686728616,-0.0959182565809279,0.0427525561824964,-0.0429315762877919,-0.0262904300322467,0.0981030432318616,-0.0253484355294397
"PI656018",0.0940614443106539,0.0506029502227018,0.0279519242453457,0.04163025392459,-0.055894114762952,0.0709916685257508,0.0068034973488245,0.0389686904720568,0.0206328834809737,-0.0440577888295312
"PI656023",0.0859460378481665,0.0675365289514468,-0.00660330578604536,0.00428561420386373,0.0345983920852502,-0.0400316818578498,-0.00467986499203528,0.00973761326594775,-0.0289558651695638,0.0850587398205026
"PI656043",-0.0935818700417354,0.0415681902794578,0.0841000126371104,0.0313695176119735,0.065239059450663,0.0111477047049983,-0.0312104359993234,-0.06916723902503,0.0410878459202673,-0.00141071130831754
"PI656044",-0.073079500497227,0.0463146216191869,0.100351761907633,0.0428140507236753,0.0635459706547028,-0.00468997390278187,-0.0257121771039811,-0.0290139956497128,0.00677110626068589,-0.00981360422664876
"PI656051",-0.0625674925970258,0.0301948566479583,0.087706283489798,0.0086686745307286,0.0439815622583067,-0.0128018465738913,-0.0421940368411565,-0.0155129197273346,0.0028057832154227,-0.00348206718418698
"PI656056",-0.0722488421279058,0.0423091134484979,0.125560485978027,0.0459920424527171,0.0791261715832932,0.0171014997527807,-0.0291063456090356,-0.017034016977066,0.0341346266196267,0.00432498741608543
"PI656064",0.0224516926791,-0.0956481769163291,-0.00690690572856629,0.0708867261466964,0.0345938296905612,-0.069495799350656,0.0558527885890396,-0.00187805185527883,-0.0628106231116737,-0.0516558603717822
"PI656072",0.0237272573381085,-0.0908734613678196,-0.0105609148271638,0.0599039895543789,0.0443090193796463,0.0696267922543169,-0.0194406149875041,0.0258008193561171,-0.0821576324095131,0.0187844759989588
"PI656097",0.0309110737945022,-0.0952529341372006,-0.00613191316489701,0.082326397374954,0.0483360318960954,-0.101985389676903,0.07909990744812,-0.0470991805085852,-0.0783455520718545,-0.0995204357516504
"PI276837",-0.0451329338527198,0.0434828047866837,0.13776842323444,0.0504007004288976,0.0706175575155723,-0.00350970583681178,-0.0152178017683522,0.0619211619256678,-0.00848978340241968,0.0136074083830405
"PI533792",-0.0154459800621553,0.00262013091173572,0.0868775796635941,-0.0679988378959927,0.0126247390936129,0.00524489661423843,0.020107708376802,0.00431563894371356,-0.0421625241372234,-0.0282408498146717
"PI576399",0.00948011140925535,0.00600816948831161,-0.031814988148562,-0.0616153751231913,0.045720026701477,0.00659140785926261,-0.128368062531552,0.031304473032436,-0.0784708921180291,0.00745697529555213
"PI576401",0.0192502831046517,-0.0664134185455416,0.0291454260579599,0.0607796949172577,0.0357781245993669,-0.067355405279389,0.0373859811886018,0.0297279836780369,-0.0647103900291916,-0.0654057929354152
"PI653616",0.0083677793688551,0.0377101390248667,0.0159532043433581,0.024573612723035,0.0470920216765638,0.00527331149325921,0.0317617173499775,0.073708204399779,-0.10120764247007,0.00192879497535651
"PI656026",-0.0745400934850224,0.0514829713785532,0.119995522323416,0.0448049589141401,0.0730798226679415,0.00719515917815712,-0.039328325404445,-0.0234321890056884,0.0260095038746827,0.000149405507068622
"PI656035",-0.0288458588329619,0.0224718925965943,-0.012529723314206,0.00174852339924348,0.0118664219432388,-0.0106161056266267,0.0344527880279697,0.1048018872514,-0.0303265111579106,0.029551985300481
"PI656065",-0.0239509160487047,-0.0376055103387613,0.0310840917517896,-0.00217002927675863,-0.101057921338549,-0.122570607204783,-0.0774839139218497,0.12246301302017,0.0124145808902364,0.0342915901318298
"PI534155",0.0103052762465581,-0.0991451499558936,-0.0777847977764145,0.00807294929831036,0.0647537734265895,0.115461846137949,-0.137170150255332,-0.0102878923843889,-0.0120448049864096,-0.00302498069736596
"PI642998",0.0221805826253538,-0.0704133544317597,0.021884823223429,0.00813732754561093,0.100124571866031,-0.0639830141245006,0.0316201570038733,0.0914242317936375,0.0824775407691142,0.0223297669008703
"PI533921",-0.0121097490410108,-0.0612370268263923,0.0341348342669037,-0.00777004703404294,-0.0352115041244086,-0.0677119510184106,-0.0486572319986494,0.0291051505693704,0.0108063503110969,0.0260969961820218
"PI533987",-0.0331865662404358,0.00286449694692512,0.0250635686241578,-0.0182470688364913,-0.0343062911154942,-0.0336788861799551,-0.0249206054839303,0.063728777059171,-0.0424297621137282,0.000681554257951191
"PI562730",0.0102243852311289,-0.0713466652686522,-0.0507038890564349,-0.0123308158888591,0.111967215921868,0.018524310635579,-0.14534559412258,0.0388959884046572,0.046288481173939,-0.00133973948000231
"PI576349",0.0169504360036173,-0.0518118768618416,-0.0479139682375066,-0.0244178354654293,0.103753524200185,0.0108710566775215,0.0359153857441217,0.0643396641642492,0.177151798565198,0.0518814981332749
"PI656083",-0.000127211982531669,0.0218535937516168,0.00230392783435592,-0.0225194674695787,-0.0251278988049087,-0.0475782456534701,-0.0394172162158971,0.0107011233679059,-0.0203170769250135,0.0194684862256543
"PI659694",-0.0423815257479932,0.0396620557637421,-0.0953086124692876,0.0167145919517734,-0.0343725687687447,-0.0161299834246775,0.0205523312164813,-0.0291190225909006,0.0997453944110908,0.0270276206820644
"PI533838",-0.00355887866170549,0.00117686823913133,-0.0201568496016953,-0.023463724298013,-0.0477831555997208,0.070259874675427,0.0191153619713265,-0.0143673544821157,-0.00639365125188848,-0.0412669739864935
"PI533972",-0.077417745266264,0.0484212201160524,-0.0606218322368281,0.00937513878799576,0.00918218348948277,0.00450439277178433,0.038631527291973,-0.0284673569125072,-0.0465532152842224,-0.0274843713419356
"PI565121",-0.0913145341326218,0.0400443543376532,0.0717608944518418,0.0250446004550174,0.0514351173823651,0.00543655299460208,-0.0345791622594111,-0.086687804839852,0.0431906210886398,-0.00596694259190581
"PI655972",0.0946514337799836,0.0715305426143518,-0.0131256432258367,0.00903483738607744,0.0368700661247577,-0.0397472470180208,0.00146546229522777,-0.01987799445179,-0.0163963856415943,0.0718515500569827
"PI659753",0.0274728442481505,-0.0613336682471587,0.0311264881842648,0.0689914030970362,0.0314931109240171,-0.0669764266096055,0.0657991147835182,0.00795953040825056,-0.0548508190189117,-0.0583102023646368
"PI534157",-0.0807249822634835,0.0456424379977883,0.112104228430142,0.03587312260697,0.0678173141443678,0.0109936238805755,-0.0252410288992791,-0.0465158391509798,0.0610706940076989,0.00929773997444652
"PI542718",0.022470979707401,-0.0681662265408244,0.0454763711635595,0.051783814075522,0.0396653435411937,-0.125794557007089,0.0478715737302317,0.0472886024889095,-0.0243930786255581,-0.0255107216359302
"PI561072",0.0668633078926708,0.0466341172781517,0.0385293903997755,-0.0227354367985807,-0.0346261417847893,0.0283329962216909,0.000445591159352085,0.0367907576954505,-0.0284129149028444,-0.0739358722543036
"PI595699",0.0211854669924608,-0.0485438474787115,0.0459119944960488,0.0683551613180474,0.0486970211374971,-0.0736665556684686,0.0366825225809581,0.0513402210543762,-0.0999880043564516,-0.0776512435198958
"PI595741",0.0482736825806554,0.01157577875348,0.000324312690420012,-0.0533621564014197,0.040030830727135,0.0172578736326397,0.0115733084458729,-0.00233487324005463,-0.0426753157005165,0.103970292939333
"PI17548",0.0620815646866255,0.0177012521734861,0.00181734357711707,0.0212679293232972,0.0688336100483478,-0.0550040274529078,0.0537765332833385,0.0180785472283056,-0.0550440840252534,0.0539322604117883
"PI24969",0.00564937526439558,-0.0912895149558959,0.0609027469909462,0.0444915807176623,-0.0901490230108678,0.120599697484999,0.0687588739431783,0.0489548098482769,0.0170073545804711,0.140090682815643
"PI533855",0.0453497417434574,0.0150620014544308,-0.0384975320437861,-0.029702600386951,0.0273513915789629,-0.0244970797190418,-0.00189758490869272,-0.0856397352321456,-0.0566218621604979,0.147193587415993
"PI533991",-0.0311025475028705,0.0331983147853459,-0.0215064084396849,0.0483236221857635,-0.0140992427170135,0.0532373503245573,0.0108719209657602,-0.0290315088413263,0.00717214521368314,-0.0639359956671112
"PI659691",-0.0930468539759331,0.0426724487834128,0.0705563032804375,0.0336997571773805,0.0376223266383467,0.00870631283945222,-0.0376181186560443,-0.106741039571346,0.0611973366464734,0.00347833195790205
"PI659695",0.00636005117692653,-0.110778874026273,-0.08738338190848,0.0417923439400444,0.010805286643,0.118344800027836,-0.0885032098382124,-0.0665117938346324,0.0141980563689412,-0.00895227756865822
"PI659696",-0.0326918454515588,0.0125545024957737,-0.0708305058842497,0.0340356819930634,-0.0573815195075164,0.0470091524996852,0.0229112207177195,-0.0605587962118801,0.0417410866630804,-0.0304056131807254
